Misclassified Sample,Likely Cause
"[[  0   0   0   0   0   0   0   0   0   0   0   0 101 117 121 109  81   0
    0   0   0   0   0   0   0   0   0   0]
 [  0   0   0   0   1   0   0   1   5   0   3 255 248 246 247 245 255 183
    0   0   4   0   0   0   0   0   0   0]
 [  0   0   0   0   2   0   2   0   0   0 151 248 222 217 225 231 233 231
    0   0   0   3   0   0   0   0   0   0]
 [  0   0   0   0   0   5   0   0  74 190 225 229 221 189 216 228 229 230
  230 114   2   0   0   0   0   0   0   0]
 [  0   0   0   0   2   0   0 167 252 241 231 229 234 214 216 236 228 230
  237 246 231  84   0   4   0   0   0   0]
 [  0   0   0   0   2   0  65 247 221 227 231 229 240 246 204 223 238 230
  229 227 232 242  36   0   1   0   0   0]
 [  0   0   0   0   0   0 168 244 226 229 232 233 235 235 231 224 240 229
  231 231 227 240 179   0   0   0   0   0]
 [  0   0   0   0   0   1 228 234 230 229 233 237 231 228 229 235 231 231
  232 232 231 226 241  45   0   0   0   0]
 [  0   0   0   0   0  88 245 232 233 232 218 228 233 234 223 232 237 229
  229 230 230 227 242 160   0   0   0   0]
 [  0   0   0   0   0 146 243 236 236 231 227 233 228 232 207 223 233 233
  231 232 231 231 238 220   0   0   0   0]
 [  0   0   0   0   0 196 241 237 232 229 235 227 230 231 232 230 227 227
  233 227 230 232 232 211   0   0   0   0]
 [  0   0   0   0   0 230 237 238 234 229 230 230 232 228 226 231 230 230
  231 230 230 235 231 222   0   0   0   0]
 [  0   0   0   0   0 253 234 239 237 234 232 231 231 232 234 233 230 233
  228 233 232 235 230 255  14   0   0   0]
 [  0   0   0   0   0 255 231 240 237 236 233 230 231 234 213 224 234 230
  229 233 235 236 231 255  53   0   0   0]
 [  0   0   0   0  27 255 229 241 237 236 233 230 230 235 216 228 238 232
  230 233 240 234 232 255  86   0   0   0]
 [  0   0   0   0  66 255 229 243 239 237 233 230 231 232 235 232 230 233
  234 232 244 234 234 255 111   0   0   0]
 [  0   0   0   0 100 255 229 239 240 237 231 232 231 232 228 231 233 234
  233 229 242 233 235 255 132   0   0   0]
 [  0   0   0   0 122 255 229 237 242 236 231 232 231 233 229 232 232 232
  235 226 240 237 233 254 150   0   0   0]
 [  0   0   0   0 156 255 228 235 246 236 231 232 230 235 206 226 234 233
  230 232 222 242 233 251 171   0   0   0]
 [  0   0   0   0 177 251 233 236 243 237 231 233 233 233 232 234 234 231
  227 242 167 242 236 245 189   0   0   0]
 [  0   0   0   0 190 245 243 212 199 253 227 234 233 233 231 234 234 233
  225 253 167 225 244 242 193   0   0   0]
 [  0   0   0   0 203 236 255 164 160 255 228 233 233 234 235 235 234 232
  224 255 149 187 255 235 195   0   0   0]
 [  0   0   0   0 205 232 255  99 142 255 226 233 233 233 220 231 235 232
  224 255 131 130 255 233 196   0   0   0]
 [  0   0   0   0 198 235 255  20 147 255 231 235 233 235 221 236 235 233
  230 255 125  63 251 232 181   0   0   0]
 [  0   0   0   0 193 235 243   0 158 253 233 236 235 235 235 235 237 234
  229 255 111  56 255 234 185   0   0   0]
 [  0   0   0   0 182 247 255   0 153 247 230 235 232 231 233 232 234 232
  226 246 125  70 255 227 165   0   0   0]
 [  0   0   0   0   0  20  29   0 188 247 231 237 237 238 235 234 231 235
  227 247 171   0   0   0   0   0   0   0]
 [  0   0   0   0   0   0   0   0 183 239 226 226 231 232 224 227 228 230
  229 234 131   0   0   0   0   0   0   0]]",Underrepresentation
"[[  0   0   0   0   0   0   0   0   0   0   0   0   0   0   0   0   0   0
    0   0   0   0   0   0   0   0   0   0]
 [  0   0   0   0   0   0   0   0   0   0   0   0   0   0   0   0   0   0
    0   0   0   0   0   0   0   0   0   0]
 [  0   0   0   0   0   0   0   0   0   0   0   0   0   0   0   0   0   0
    0   0   0   0   0   0   0   0   0   0]
 [  0   0   0   0   0   0   0   0   0   0   0   0   0   0   0   0   0   0
    0   0   0   0   0   0   0   0   0   0]
 [  0   0   0   0   0   0   0   0   0   0   0   0   0   0   0   0   0   0
    0   0   0   0   0   0   0   0   0   0]
 [  0   0   0   0   0   0   0   0   0   0   0   0   0   0   0   0   0   0
    0   0   0   0   0   0   0   0   0   0]
 [  0   0   0   0   0   0   0   0   0   0   0   0   0   0   0   0   0   0
    0   0   0   0   0   0   0   0   0   0]
 [  0   0   0   0   0   0   0   0   0   0   0   0   0   0   0   0   0   0
    0   0   0   0   0   0   0   0   0   0]
 [  0   0   0   0   0   0   0   0   0   0   0   0   0   0   0  68   8   0
    1   0   0   0   0   3   0   0   0   0]
 [  0   0   0   0   0   0   0   0   0   0   0   0  93 154 175 234  73   0
    0   0   0   0   0   0   0   1   0   0]
 [  0   0   0   0   0   0   0   0   0   0   0   0 198 222 169  87 165 120
   14   0   0   0   0  29 149 162   0   0]
 [  1   4   4   1   2   3   0   0   0   0  53 158 151 162 185  94  15 198
  191 177 111  98 177 175 160 161  65   0]
 [  0   0   0   0   0   0   0   0  58 122 255 200 111 152 175 203 103 162
  141 113 189 212 152 137 124 135 141   0]
 [  0  46  53   0  19  74  94 117 223 128 122 141 134 150 152 165 197 183
  184 164  82 125 160 134 144 164 128   0]
 [  1 174 179 162 182 172  85 147 153 140 149 153 185 165 163 170 163 190
  143 172 222 211 177 181 174 119   0   0]
 [ 57 181 203 148 168 177 153 173 133 213 131 175 186 113 198 126 154 219
  210 224 145  95 196 179 228  24  28  19]
 [ 82 144 169 150 157 190 136 107 171 255 140 191 157  34 171 138 148 141
  117  78  42  37  75 108 111 108 137  57]
 [  8 200 178 181 164 148 154 171 129  80  69  83  87  90 126 199 200 179
  124 107 115 103 128  86  70 101 167 108]
 [  0   0  96 202 219 212 247 249 248 219 177 132 176 247 255 253 251 225
  255 255 149 201 255 192 182 220 217  47]
 [  1   0   0   0   0  33 131 137 149 158 167  94 105 124  35  25  33  43
   76 117  88 139 132 138 163 118  15   0]
 [  0   0   0   0   0   0   0   0   0   0   0   0   0   0   0   0   0   0
    0   0   0   0   0   0   0   0   0   0]
 [  0   0   0   0   0   0   0   0   0   0   0   0   0   0   0   0   0   0
    0   0   0   0   0   0   0   0   0   0]
 [  0   0   0   0   0   0   0   0   0   0   0   0   0   0   0   0   0   0
    0   0   0   0   0   0   0   0   0   0]
 [  0   0   0   0   0   0   0   0   0   0   0   0   0   0   0   0   0   0
    0   0   0   0   0   0   0   0   0   0]
 [  0   0   0   0   0   0   0   0   0   0   0   0   0   0   0   0   0   0
    0   0   0   0   0   0   0   0   0   0]
 [  0   0   0   0   0   0   0   0   0   0   0   0   0   0   0   0   0   0
    0   0   0   0   0   0   0   0   0   0]
 [  0   0   0   0   0   0   0   0   0   0   0   0   0   0   0   0   0   0
    0   0   0   0   0   0   0   0   0   0]
 [  0   0   0   0   0   0   0   0   0   0   0   0   0   0   0   0   0   0
    0   0   0   0   0   0   0   0   0   0]]",Underrepresentation
"[[  0   0   0   0   0   0   0   0   0   0   0   0   0   0   0   0   0   0
    0   0   0   0   0   0   0   0   0   0]
 [  0   0   0   0   0   0   0   0   0   0   0   0   0   0   0   0   0   0
    0   0   0   0   0   0   0   0   0   0]
 [  0   0   0   0   0   0   0   0   0   0   0   0   0   0   0   0   0   0
    0   0   0   0   0   0   0   0   0   0]
 [  0   0   0   0   0   0   0   0   0   0   0   0   0   0   0   0   0   0
    0   0   0   0   0   0   0   0   0   0]
 [  0   0   0   0   0   0   0   0   0   0   0   0   0   0   0   0   0   0
    0   0   0   0   0   0   0   0   0   0]
 [  0   0   0   0   0   0   0   0   0   0   0   0   0   0   0   0   0   0
    0   0   0   0   0   0   0   0   0   0]
 [  0   0   0   0   0   0   0   0   0   0   0   0   0   0   0   0   0   0
    0   0   0   0   0   0   0   0   0   0]
 [  0   0   0   0   0   0   0   0   0   3   0   0   0   0   0 170 177  91
   44  12   3   0   0  29  77 115   0   0]
 [  0   0   0   0   0   0   0   0   0   1   0   3   0   0 227 209 176 206
  207 208 200 209 203 210 205 235  63   0]
 [  0   0   0   0   0   0   0   0   0   0   3   0   0 172 146 136 210 223
  215 220 208 231 228 226 217 240  78   0]
 [  0   0   0   0   0   0   0   0   0   0   0   0 157  57   0   0  26  71
  115 160 176 167 159 146  76 140 123   0]
 [  0   0   0   0   0   0   0   0   1   0   0 142 231   0   0   0   0   0
    0   0   0   0   0   0   0 107 198   0]
 [  0   0   3   6   7   5   0   0   0   0 129 181 219   0   0   3   4   4
    1   0   0   0  67 159 246 230 213  18]
 [  0   0   0   0   0   0   0   0  34 169 194 167 243 246  15   0   0   0
    0   0  53 226 221 153 176 211 210  58]
 [  0   0  17  60  66  49 110 148 189 163 143 174 196 234 255 152   0   0
    0  43 238 231 214 236 224 210 231  82]
 [  0  91 208 149 137 173 178 144  83  40 111 180 189 197 212 233 249 125
    6 226 237 215 224 216 209 201 226  24]
 [  0 168 205 183 154 143  85 106 121 121 174 198 210 226 227 216 205 203
  208 219 207 207 207 205 211 206 236  49]
 [112 207 192 201 209 214 203 204 205 218 229 221 224 217 208 213 220 219
  224 210 206 207 203 212 214 196 224  57]
 [ 44 160 197 204 206 207 206 209 208 213 214 210 209 216 245 211 164 116
   26 180 215 208 208 208 207 191 211  30]
 [  0   0  34 115 169 211 230 235 248 243 240 237 248 159  19   0   0   0
    0 203 238 241 254 255 252 206 255  63]
 [  0   0   0   0   0   0   0  20  50  49  34  20   0   0   0   0   0   0
    0  75  95  39  32  61  42  35  43   0]
 [  0   0   0   0   0   0   0   0   0   0   0   0   0   0   0   0   0   0
    0   0   0   0   0   0   0   0   0   0]
 [  0   0   0   0   0   0   0   0   0   0   0   0   0   0   0   0   0   0
    0   0   0   0   0   0   0   0   0   0]
 [  0   0   0   0   0   0   0   0   0   0   0   0   0   0   0   0   0   0
    0   0   0   0   0   0   0   0   0   0]
 [  0   0   0   0   0   0   0   0   0   0   0   0   0   0   0   0   0   0
    0   0   0   0   0   0   0   0   0   0]
 [  0   0   0   0   0   0   0   0   0   0   0   0   0   0   0   0   0   0
    0   0   0   0   0   0   0   0   0   0]
 [  0   0   0   0   0   0   0   0   0   0   0   0   0   0   0   0   0   0
    0   0   0   0   0   0   0   0   0   0]
 [  0   0   0   0   0   0   0   0   0   0   0   0   0   0   0   0   0   0
    0   0   0   0   0   0   0   0   0   0]]",Underrepresentation
"[[  0   0   0   0   0   0   0   0   0   0  80  19   0   0   0   0   0   0
    8   0   0   0   0   1   0   0   0   0]
 [  0   0   0   0   0   0   0   1  43  45 116 255 179 126 126 128 179 247
  126  56  31   0   0   0   0   0   0   0]
 [  0   0   0   0   0   0  15  68  58  56   5  94 211 226 184 216 214 116
    5  56  73  47   0   0   0   0   0   0]
 [  0   0   0   0   0   0  61  43  35  43  54  17   1  45 119  56   8  10
   49  40  36  68  12   0   0   0   0   0]
 [  0   0   0   1   0  15  77  45  43  45  49  58  54  29  43  52  56  61
   49  45  40  54  31   0   0   0   0   0]
 [  0   0   0   0   0  40  70  43  49  51  49  52  54  36  35  61  51  49
   45  43  42  49  54   0   0   0   0   0]
 [  0   0   0   0   0  61  72  47  49  49  47  52  40  61  91  36  56  47
   47  45  45  54  61   1   0   0   0   0]
 [  0   0   0   0   7  72  86  59  54  49  42  40  45  40  58  59  38  38
   43  40  45  66  58  24   0   0   0   0]
 [  0   0   0   0  19  87 107  65  51  54  51  43  52  29  51  58  47  49
   49  42  54  68  58  33   0   0   0   0]
 [  0   0   0   0  33  93 116  54  61  51  61  49  47  51  59  43  51  54
   45  56  91  77  61  42   0   0   0   0]
 [  0   0   0   0  51  82 138  72  61  54  63  49  35 107 123  35  54  63
   33  66 130  86  61  51   0   0   0   0]
 [  0   0   0   0  61  66 168  65  45  58  66  47  45  63  82  40  61  65
   31  70 149 102  54  61   0   0   0   0]
 [  0   0   0   7  66  38 184  89  29  65  70  45  49  54 128  33  61  66
   40  38 156 128  31  65   0   0   0   0]
 [  0   0   0  15  70  24 191 138  14  70  82  42  49  89 154  24  70  66
   40  19 161 145  22  75   1   0   0   0]
 [  0   0   0  19  73  38 179 161   3  68  96  40  51  68 193  24  82  70
   45   7 167 161  14  79  10   0   0   0]
 [  0   0   0  31  59  73 149 209   5  66 100  38  58  51 168  26  94  65
   47   5 149 170  10  93  12   0   0   0]
 [  0   0   0  38  38 119 160 126   8  54 100  49  58  42  84  35 107  51
   52  15 109 182   7 109   7   0   0   0]
 [  0   0   0  26  40 100 184  82  24  54 135  54  38 110  84  40 126  52
   51  24  51 198  47 107  14   0   0   0]
 [  0   0   0  26  61  42 230 114  38  52 177  72  42  66  79  52 147  84
   61  66  51  87 100  91  21   0   0   0]
 [  0   0   0  24  58  15 244  96  15  45 124  73  49  51  70  61 126  35
   54  40  52  72 138  77  33   0   0   0]
 [  0   0   0  33  47  14 202  68  28  58 151  80  51  93  59  80 147  35
   68  43  33  84 172  51  42   0   0   0]
 [  0   0   0  42  54  14 209  56  61  59 133 109  52 124  42  96 156  33
   87  70  17 116 160  33  45   0   0   0]
 [  0   0   0  36  43  12 165  17  58  70 116 105  72  38  80 102 163  21
   91  75   3 135 170  31  51   0   0   0]
 [  0   0   0  66  63  63 205 112 110 149 126  80  65 103 103 110 156  77
  126 105  86  91 158  49  56   0   0   0]
 [  0   0   0  70  72 107   7  82  72  68  58 135 172 124 204 133  72  70
   86  84  47  14 145  56  65   0   0   0]
 [  0   0   0  65  35 112   5   0   0   0   0  26  72   0  24  19   0   0
    0   0   0   0 167  59  70   0   0   0]
 [  0   0   0  21  22  51   8   0   0   0   0  15  26   3   0  29   0   0
    0   1   0   1  54  28  15   0   0   0]
 [  0   0   0   0   0   0   0   0   0   0   0   3   0   0  33  42   0   0
    0   1   0   0   0   0   0   0   0   0]]",Underrepresentation
"[[  0   0   0   0   0   0   0   0   0  74 143  82   9   0  11  37  99 170
   87   0   0   0   0   0   0   0   0   0]
 [  0   0   0   0   0   0   0   2 255 243 247 246 255 255 247 255 242 237
  240 255   0   0   0   0   0   0   0   0]
 [  0   0   0   0   0   0   0   0 225 232 231 230 233 214 100 202 234 221
  226 212   0   0   0   0   0   0   0   0]
 [  0   0   0   0   0   0   0   0 215 237 233 234 236 230 206 225 236 226
  229 203   0   0   0   0   0   0   0   0]
 [  0   0   0   0   0   0   0   0 255 238 235 235 233 237 242 235 229 230
  227 242   0   0   0   0   0   0   0   0]
 [  0   0   0   0   0   0   0   0 255 239 235 235 234 233 231 231 233 230
  224 251   0   0   0   0   0   0   0   0]
 [  0   0   0   0   0   0   0   0 255 236 236 234 234 235 236 235 233 230
  224 255   0   0   0   0   0   0   0   0]
 [  0   0   0   0   0   0   0  29 255 236 235 232 232 233 234 234 233 229
  224 255  24   0   0   0   0   0   0   0]
 [  0   0   0   0   0   0   0  56 248 236 232 231 231 230 232 235 231 226
  220 255  44   0   0   0   0   0   0   0]
 [  0   0   0   0   0   0   0  81 247 238 236 232 231 231 232 233 232 228
  220 255  67   0   0   0   0   0   0   0]
 [  0   0   0   0   0   0   0  70 244 236 239 233 233 232 232 231 231 230
  221 255  75   0   0   0   0   0   0   0]
 [  0   0   0   0   0   0   0  24 255 234 241 235 235 233 232 230 229 228
  219 255  55   0   0   0   0   0   0   0]
 [  0   0   0   0   0   0   0   0 255 239 238 235 236 233 232 229 229 229
  221 255   2   0   0   0   0   0   0   0]
 [  0   0   0   0   0   0   0   0 255 242 237 234 237 232 232 230 229 230
  225 254   0   0   0   0   0   0   0   0]
 [  0   0   0   0   0   0   0   0 255 241 236 234 236 232 231 229 228 232
  227 250   0   0   0   0   0   0   0   0]
 [  0   0   0   0   0   0   0  12 255 241 236 236 237 233 231 231 229 233
  231 255   2   0   0   0   0   0   0   0]
 [  0   0   0   0   0   0   0  29 255 240 237 237 238 233 231 233 230 233
  231 255  20   0   0   0   0   0   0   0]
 [  0   0   0   0   0   0   0  43 255 241 238 238 239 233 231 232 229 233
  229 255  32   0   0   0   0   0   0   0]
 [  0   0   0   0   0   0   0  61 255 240 238 238 240 234 230 232 230 234
  227 255  62   0   0   0   0   0   0   0]
 [  0   0   0   0   0   0   0  75 255 240 237 239 241 235 229 233 231 235
  227 255  87   0   0   0   0   0   0   0]
 [  0   0   0   0   0   0   0  87 255 241 238 240 242 235 230 235 231 234
  228 255 104   0   0   0   0   0   0   0]
 [  0   0   0   0   0   0   0 101 255 241 238 241 242 235 230 237 234 232
  230 255 117   0   0   0   0   0   0   0]
 [  0   0   0   0   0   0   0 112 255 236 238 242 242 235 231 237 239 232
  231 255 128   0   0   0   0   0   0   0]
 [  0   0   0   0   0   0   0 120 255 236 240 244 241 235 232 236 241 232
  229 255 146   0   0   0   0   0   0   0]
 [  0   0   0   0   0   0   0 140 255 240 245 245 241 237 234 238 244 233
  231 237 167   0   0   0   0   0   0   0]
 [  0   0   0   0   0   0   0 183 251 239 239 233 235 231 225 233 235 232
  228 236 205   0   0   0   0   0   0   0]
 [  0   0   0   0   0   0   0 164 255 251 255 255 255 255 255 255 255 251
  246 255 107   0   0   0   0   0   0   0]
 [  0   0   0   0   0   0   0   0  65 100 129 138 153 164 162 160 156 131
  105  15   0   0   0   0   0   0   0   0]]",Underfitting
"[[  0   0   0   0   0   0   0   0  26  10   5   5   5   3   4   4   3   6
   24   0   0   2   0   0   0   0   0   0]
 [  0   0   0   0   0   0   0   0 196 203 201 234 237 233 231 229 196 190
  207  73   0   3   0   0   0   0   0   0]
 [  0   0   0   0   0   0   0   5 195 199 194 189 192 188 186 186 189 180
  194  67   0   1   0   0   0   0   0   0]
 [  0   0   0   0   0   0   0  32 202 195 193 186 193 187 186 183 189 175
  197 105   0   2   0   0   0   0   0   0]
 [  0   0   0   0   0   0   0  53 208 191 190 183 190 188 186 184 186 167
  195 132   0   1   0   0   0   0   0   0]
 [  0   0   0   0   0   0   0  75 210 191 190 184 191 189 184 184 185 169
  190 157   0   0   0   0   0   0   0   0]
 [  0   0   0   0   0   0   0 105 209 190 191 179 190 188 182 184 182 170
  186 177   0   0   0   0   0   0   0   0]
 [  0   0   0   0   0   0   0 135 207 188 195 180 191 187 180 185 181 171
  184 196   0   0   0   0   0   0   0   0]
 [  0   0   0   0   0   0   0 163 205 188 197 180 191 185 178 187 181 172
  182 203   0   0   0   0   0   0   0   0]
 [  0   0   0   0   0   0   0 179 203 183 194 180 189 186 180 185 179 174
  179 213   0   0   0   0   0   0   0   0]
 [  0   0   0   0   0   0   0 197 199 187 188 181 185 187 182 184 179 175
  178 185  20   0   0   0   0   0   0   0]
 [  0   0   0   0   0   0   0 219 194 192 189 186 184 187 183 185 180 177
  177 192  48   0   0   0   0   0   0   0]
 [  0   0   0   0   0   0   0 232 192 191 188 190 183 186 183 185 181 178
  177 195  64   0   0   0   0   0   0   0]
 [  0   0   0   0   0   0  15 237 194 194 188 192 186 185 187 184 183 181
  178 200  83   0   0   0   0   0   0   0]
 [  0   0   0   0   0   0  52 245 199 201 194 194 191 203 203 191 194 195
  186 206 113   0   0   0   0   0   0   0]
 [  0   0   0   0   0   0  90 239 197 201 188 193 196 219 218 191 188 191
  183 203 146   0   0   0   0   0   0   0]
 [  0   0   0   0   0   0 101 241 195 195 183 192 187 209 194 186 189 185
  175 197 168   0   0   0   0   0   0   0]
 [  0   0   0   0   0   0 132 234 185 195 183 195 181 189 193 184 193 186
  181 198 192   0   0   0   0   0   0   0]
 [  0   0   0   0   0   0 176 210 195 198 191 196 187 188 197 187 192 188
  181 196 215   0   0   0   0   0   0   0]
 [  0   0   0   0   0   0 199 208 194 195 195 195 189 190 195 185 194 195
  183 191 221   0   0   0   0   0   0   0]
 [  0   0   0   0   0   0 191 206 206 198 196 193 191 194 195 189 193 197
  197 193 224   0   0   0   0   0   0   0]
 [  0   0   0   0   0   0 200 199 200 200 197 193 192 195 194 191 190 191
  188 188 225   2   0   0   0   0   0   0]
 [  0   0   0   0   0   0 204 197 201 200 198 196 193 194 193 193 191 189
  189 186 227   7   0   0   0   0   0   0]
 [  0   0   0   0   0   0 200 200 201 200 200 197 195 196 195 195 191 189
  190 188 228   5   0   0   0   0   0   0]
 [  0   0   0   0   0   0 201 203 202 201 203 200 197 198 198 197 196 194
  193 191 196   5   0   0   0   0   0   0]
 [  0   0   0   0   0   0 202 202 199 199 194 196 192 191 190 189 190 188
  190 189 196  11   0   0   0   0   0   0]
 [  0   0   0   0   0   0 245 249 247 247 238 241 241 234 234 235 236 237
  232 200 255  20   0   0   0   0   0   0]
 [  0   0   0   0   0   0   8  30  41  52  57  62  69  82  82  84  77  63
   42  28  24   0   0   0   0   0   0   0]]",Overfitting
"[[  0   0   0   0   0   0   0   0   0   0   0   0   0   0   0   0   0   0
    0   0   0   0   0   0   0   0   0   0]
 [  0   0   0   0   0   0   0   0   0   0   0   0   0   0   0   0   0   0
    0   0   0   0   0   0   0   0   0   0]
 [  0   0   0   0   0   0   0   0   0   0   0   0   0   0   0   0   0   0
    0   0   0   0   0   0   0   0   0   0]
 [  0   0   0   0   0   0   0   0   0   0   0   0   0   0   0   0   0   0
    0   0   0   0   0   0   0   0   0   0]
 [  0   0   0   0   0   0   0   0   0   0   0   0   0   0   0   0   0   0
    0   0   0   0   0   0   0   0   0   0]
 [  0   0   0   0   0   0   0   0   0   0   0   0   0   0   1   0   0 217
  122   8   0   0   0   0   0   0   0   0]
 [  0   0   0   0   0   0   0   0   0   0   0   0   0   0   3   0  51 236
  230 255 201 133  52   0   0   0   0   0]
 [  0   0   0   0   0   0   0   0   0   0   0   0   0   0   0   0 206 212
  211 225 235 241 241 215 173  82   0   0]
 [  0   0   0   0   0   0   0   0   0   0   0   0   0   4   0   0 241 222
  225 223 216 218 219 222 252 198   0   0]
 [  0   0   0   0   0   0   0   0   0   0   0   0   0   0   0  43  88 246
  216 223 225 224 223 219 229 206   0   0]
 [  0   0   0   0   0   0   0   0   0   0   0   0   0   0   0 185 255 222
  218 226 224 223 225 214 236 217   0   0]
 [  0   0   0   0   0   0   0   0   0   0   0   2   0   0  95 139 218 223
  222 223 221 223 222 221 232 231   0   0]
 [  0   0   0   0   0   0   0   0   2   6   6   0   0   0 101 255 225 219
  223 223 224 227 221 216 223 255   0   0]
 [  0   0   0   0   0   0   1   0   5   0   0   3   0 205 217 217 219 225
  221 222 223 222 216 227 220 248  89   0]
 [  0   0   0   1   2   3   0   0   0  15  33  66 229 162 220 224 221 222
  223 223 224 227 235 227 203 217 225   0]
 [  1   0   0   0   0   0   0   0  86 120 255 155 247 203 189 219 228 224
  226 226 230 233 199 161 169 198 255  26]
 [  0   0   0   0  47 104 211 185 220 224 212 233 224 193 199 206 227 221
  223 230 220 183 172 164 172 197 253   5]
 [ 11 188 189 214 229 238 228 229 220 218 226 211 226 211 194 201 221 233
  224 230 208 187 192 178 170 187 223 109]
 [194 223 206 216 214 216 219 217 225 225 226 226 228 218 193 188 202 218
  218 219 206 208 209 209 211 216 236  93]
 [124 198 203 189 184 190 204 205 208 212 210 214 212 213 210 214 227 234
  255 252 248 225 211 193 163 130  81   0]
 [  0  14 100 184 218 225 235 220 229 228 229 230 228 255 255 225 165  98
   29   8   0   0   0   0   0   0   1   0]
 [  0   0   0   0   3  25  65  94 100 104 105  81  50  23   0   0   0   0
    0   7   4  17  19  25  29  39  29   0]
 [  0   0   1   0   0   0   0   0   0   0   0   0   0   0   3  11  13  14
   11  10   9  10   5   4   2   2   0   0]
 [  0   0   0   0   0   0   0   0   0   0   0   0   0   0   0   0   0   0
    0   0   0   0   0   0   0   0   0   0]
 [  0   0   0   0   0   0   0   0   0   0   0   0   0   0   0   0   0   0
    0   0   0   0   0   0   0   0   0   0]
 [  0   0   0   0   0   0   0   0   0   0   0   0   0   0   0   0   0   0
    0   0   0   0   0   0   0   0   0   0]
 [  0   0   0   0   0   0   0   0   0   0   0   0   0   0   0   0   0   0
    0   0   0   0   0   0   0   0   0   0]
 [  0   0   0   0   0   0   0   0   0   0   0   0   0   0   0   0   0   0
    0   0   0   0   0   0   0   0   0   0]]",Overfitting
"[[  0   0   0   0   0   0   0   0   4   7   0   0   0   0   0   0   0   0
    0   0   0   0   1   0   1   0   0   0]
 [  0   0   0   0   0   0   0  78 156 168 109  69  15   1   0   0   0  35
  122 151 103   0   0   2   0   0   0   0]
 [  0   0   0   0   1   0  69 183 159 172 175 176 176 171 165 164 163 171
  176 148 160 131   0   0   0   0   0   0]
 [  0   0   0   0   0   0 138 172 154 151 186 159 157 171 171 172 154 159
  156 135 147 160  32   0   2   0   0   0]
 [  0   0   0   0   0   0 169 165 166 132 166 197 153 183 169 173 160 181
  126 141 154 163  86   0   1   0   0   0]
 [  0   0   0   0   0  16 171 166 155 158 104 169 198 170 171 163 193 132
  132 137 150 162 134   0   0   0   0   0]
 [  0   0   0   0   0  36 177 162 149 153 148 109 193 204 207 222 151 108
  131 139 168 155 157   0   0   0   0   0]
 [  0   0   0   0   0  88 182 163 183 159 159 153 131 220 246 184 141 156
  145 165 159 147 174   0   0   0   0   0]
 [  0   0   0   0   0 129 174 165 186 156 157 149 153 143 144 141 161 159
  157 179 172 158 166  38   0   0   0   0]
 [  0   0   0   0   0 160 163 168 214 150 150 159 171 156 157 154 151 155
  142 192 186 153 171  89   0   0   0   0]
 [  0   0   0   0   0 193 153 164 219 167 143 151 145 162 164 177 148 141
  126 204 191 148 172 132   0   0   0   0]
 [  0   0   0   0   5 197 149 172 227 162 145 159 166 158 156 168 157 151
  114 227 195 156 169 158   0   0   0   0]
 [  0   0   0   0  34 213 150 175 238 164 151 163 147 145 144 156 157 162
  128 227 208 166 163 189   0   0   0   0]
 [  0   0   0   0  57 211 146 186 255 165 134 154 171 151 155 172 158 158
  119 194 221 185 167 193   0   0   0   0]
 [  0   0   0   0  81 209 161 206 239 132 164 162 179 176 144 163 163 158
  133 167 243 197 166 194   9   0   0   0]
 [  0   0   0   0  97 204 162 224 217 135 164 155 164 153 148 153 160 165
  148 143 243 205 139 202  48   0   0   0]
 [  0   0   0   0 111 186 151 230 164 142 160 163 184 149 147 165 179 143
  156 122 230 210 156 191  60   0   0   0]
 [  0   0   0   0 135 173 149 238 157 162 139 160 159 154 165 156 160 146
  142 115 232 214 141 198  74   0   0   0]
 [  0   0   0   0 153 184 177 199 145 158 155 180 187 154 158 163 184 146
  158 150 188 210 138 204 105   0   0   0]
 [  0   0   0   0 145 180 168 184 150 155 143 188 156 144 154 147 168 143
  157 144 172 231 147 190 130   0   0   0]
 [  0   0   0   0 153 184 168 179 166 162 137 194 145 143 169 158 180 163
  160 147 167 226 153 189 139   0   0   0]
 [  0   0   0   0 155 182 167 181 150 155 162 183 162 166 160 158 192 163
  137 154 161 216 160 188 147   0   0   0]
 [  0   0   0   0 131 194 170 185 154 145 174 198 143 164 154 161 183 164
  151 159 150 201 158 175 143   0   0   0]
 [  0   0   0   0 124 193 170 181 154 142 175 187 146 155 164 145 170 171
  142 161 143 197 163 182 145   0   0   0]
 [  0   0   0   0 102 186 180 187 147 161 185 151 141 161 158 147 175 163
  154 147 143 185 174 201 113   0   0   0]
 [  0   0   0   0  17 184 185 183 153 161 166 155 157 163 153 158 173 171
  160 147 165 206 180 168  16   0   0   0]
 [  0   0   0   0   0 172 224 125 108 219 204 177 180 198 199 197 180 175
  198 210 123 199 215 208   0   0   0   0]
 [  0   0   0   0   0  73 116  27   0   0   6  23  27   9   0  12   8   0
    0   0   0 134 145  94   0   0   0   0]]",Underrepresentation
"[[  0   0   0   0   0   0   0   0   0   0   0 140 202 192 190 211 145   0
    0   0   0   0   0   0   0   0   0   0]
 [  0   0   0   0   0   0   0   1   1   0   0 192 177 222 211 206 177   0
    0   5   1   1   0   1   1   0   0   0]
 [  0   0   0   0   0   0   0   0   0   0  79 199  97 209 180  69 157  69
    0   0   0   3   1   0   0   0   0   0]
 [  0   0   0   0   0   0   0  10  70 158 199 153 118 224 226  97 150 179
  128  64  11   0   0   0   0   0   0   0]
 [  0   0   0   0   1   0  94 153 151 146 113 116 121 157 175  99 111 109
  155 145 136  69   0   5   0   0   0   0]
 [  0   0   0   0   0   0 140 151 141 121 116 123 109 140 160  87 121 104
  106 126 138 143   0   0   0   0   0   0]
 [  0   0   0   3   0  16 155 157 128 111 124 126 106 146 165 103 121 118
  108 131 145 145  15   0   3   0   0   0]
 [  0   0   0   5   0  47 179 190 141 116 124 128 106 148 165 111 119 113
  101 155 163 162  42   0   3   0   0   0]
 [  0   0   0   1   0  92 189 214 197 109 121 119 108 148 163 101 123 121
   99 185 177 172  87   0   3   0   0   0]
 [  0   0   0   0   0 114 197 243 194 114 126 128 118 162 167 116 138 124
   81 217 209 167 113   0   0   0   0   0]
 [  0   0   0   0   0 138 192 249 133 150 162 160 131 173 172 146 155 162
  108 168 212 162 145   0   0   0   0   0]
 [  0   0   0   0   0 173 182 241  94 180 170 165 138 170 168 146 157 163
  121  89 204 157 160   0   0   0   0   0]
 [  0   0   0   0   0 185 179 241  62 175 155 157 140 189 190 141 162 155
  121  55 211 157 177   3   0   0   0   0]
 [  0   0   0   0  10 165 179 226  23 189 158 167 158 206 199 138 153 163
  135  28 219 170 157  18   0   0   0   0]
 [  0   0   0   0  35 175 185 238   0 185 153 151 143 200 195 141 153 155
  143   0 234 173 157  70   0   0   0   0]
 [  0   0   0   0  72 180 189 207   0 199 179 158 146 206 202 151 165 165
  158   0 217 184 162 103   0   0   0   0]
 [  0   0   0   0 106 173 199 168   0 204 172 168 140 199 195 138 151 157
  170   0 197 192 158 124   0   0   0   0]
 [  0   0   0   0 136 175 217 103  10 195 160 158 133 199 197 138 153 141
  168   0 146 207 170 131   0   0   0   0]
 [  0   0   0   0 170 180 214  67  74 190 157 163 143 194 199 138 155 148
  177   5  97 216 175 167   0   0   0   0]
 [  0   0   0   0 184 172 224  72 121 177 163 173 140 192 206 133 157 151
  175  54  87 227 153 157   0   0   0   0]
 [  0   0   0   0 190 175 248  42 153 180 157 172 136 190 204 131 136 131
  163  99  70 226 155 160   1   0   0   0]
 [  0   0   0  13 192 190 243  35 187 163 153 167 143 202 206 153 143 138
  146 138  89 224 163 170  21   0   0   0]
 [  0   0   0  30 184 206 226  59 189 146 165 157 146 211 199 153 160 140
  131 141  42 234 162 158  30   0   0   0]
 [  0   0   0  57 179 221 221  69 168 150 168 173 151 195 197 133 184 131
  133 128  18 224 170 153  40   0   0   0]
 [  0   0   0  57 165 241 197  89 204 179 180 182 173 197 209 148 170 163
  143 157  18 195 185 143  55   0   0   0]
 [  0   0   0  72 165 255 150  52 185 175 184 180 157 200 206 157 194 163
  175 173   0 167 199 128  54   0   0   0]
 [  0   0   0  84 175 249 123   0   0   0   0   0   0   0   0   0   0   0
    0   0   0 182 200 128  70   0   0   0]
 [  0   0   0  86 175 244  67   0   0   0   0   0   0   0   0   0   0   0
    0   0   0 150 192 116  74   0   0   0]]",Underfitting
"[[  0   0   0   0   0   0   0   0   0   0   0  26 158  67  80 154  17   0
    0   0   0   0   0   0   0   0   0   0]
 [  0   0   0   0   0   0   0   1   0   7 128 206 237 235 237 221 206 130
    9   0   1   0   0   0   0   0   0   0]
 [  0   0   0   0   0   0   0   0   0 188 213 197 197 218 214 194 192 211
  187   0   0   0   0   0   0   0   0   0]
 [  0   0   0   0   0   0   0   0  61 214 185 190 193 200 185 181 185 186
  214  61   0   0   0   0   0   0   0   0]
 [  0   0   0   0   0   0   0   0  88 220 192 191 186 192 190 185 189 191
  220  89   0   0   0   0   0   0   0   0]
 [  0   0   0   0   0   0   0   0 124 227 197 193 192 197 193 187 191 195
  225 122   0   0   0   0   0   0   0   0]
 [  0   0   0   0   0   0   0   0 155 229 202 202 206 197 200 200 202 202
  228 157   0   0   0   0   0   0   0   0]
 [  0   0   0   0   0   0   0   0 192 227 207 200 203 199 203 199 197 205
  229 194   0   0   0   0   0   0   0   0]
 [  0   0   0   0   0   0   0   0 225 229 213 201 202 203 208 200 197 211
  229 226   0   0   0   0   0   0   0   0]
 [  0   0   0   0   0   0   0   0 245 218 181 212 202 200 208 198 209 178
  217 248   0   0   0   0   0   0   0   0]
 [  0   0   0   0   0   0   0  20 255 196 103 232 199 201 214 195 230 102
  198 255  21   0   0   0   0   0   0   0]
 [  0   0   0   0   0   0   0  57 255 201 134 226 201 201 214 199 225 135
  200 255  54   0   0   0   0   0   0   0]
 [  0   0   0   0   0   0   0  75 255 204 171 217 208 201 212 204 215 172
  203 255  79   0   0   0   0   0   0   0]
 [  0   0   0   0   0   0   0  80 255 164 170 215 209 201 213 206 214 171
  170 255  80   0   0   0   0   0   0   0]
 [  0   0   0   0   0   0   0  77 255 142 179 214 211 201 214 206 215 180
  139 255  75   0   0   0   0   0   0   0]
 [  0   0   0   0   0   0   0  81 234 161 187 212 212 201 212 208 211 190
  161 234  81   0   0   0   0   0   0   0]
 [  0   0   0   0   0   0   0 113 245 192 191 212 213 202 211 212 209 191
  191 244 119   0   0   0   0   0   0   0]
 [  0   0   0   0   0   0   0  87 245 152 199 212 215 203 212 215 208 204
  149 246  83   0   0   0   0   0   0   0]
 [  0   0   0   0   0   0   0   0   0  29 242 206 215 203 213 220 198 246
   30   0   0   0   0   0   0   0   0   0]
 [  0   0   0   0   0   0   0   1   0  38 249 212 213 202 212 224 195 251
   39   0   0   0   0   0   0   0   0   0]
 [  0   0   0   0   0   0   0   2   0  32 249 215 214 201 213 229 206 251
   36   0   2   0   0   0   0   0   0   0]
 [  0   0   0   0   0   0   0   1   0  30 214 218 215 200 213 232 209 216
   33   0   2   0   0   0   0   0   0   0]
 [  0   0   0   0   0   0   0   4   0  28 214 220 214 200 217 236 212 216
   33   0   5   0   0   0   0   0   0   0]
 [  0   0   0   0   0   0   0   4   0  22 215 223 215 203 223 235 218 216
   33   0   5   0   0   0   0   0   0   0]
 [  0   0   0   0   0   0   0   4   0  16 215 225 216 197 212 226 221 218
   36   0   5   0   0   0   0   0   0   0]
 [  0   0   0   0   0   0   0   4   0   6 213 226 219 218 242 237 226 211
   24   0   4   0   0   0   0   0   0   0]
 [  0   0   0   0   0   0   0   4   0  18 229 230 255 185 118 216 233 228
   12   0   4   0   0   0   0   0   0   0]
 [  0   0   0   0   0   0   0   2   0   0 120  22   0   0   0   0  24 159
    8   0   3   0   0   0   0   0   0   0]]",Underrepresentation
"[[  0   0   0   0   0   0   0   0   0   0   0   0   0   0   0   0   0   0
    0   0   0   0   0   0   0   0   0   0]
 [  0   0   0   0   0   0   0   0   0   0   0   0   0   0   0   0   0   0
    0   0   0   0   0   0   0   0   0   0]
 [  0   0   0   0   0   0   0   0   0   0   0   0   0   0   0   0   0   0
    0   0   0   0   0   0   0   0   0   0]
 [  0   0   0   0   0   0   0   0   0   0   0   0   0   0   0   0   0   0
    0   0   0   0   0   0   0   0   0   0]
 [  0   0   0   0   0   0   0   0   0   0   0   0   0   0   0   0   0   0
    0   0   0   0   0   0   0   0   0   0]
 [  0   0   0   0   0   0   0   0   0   0   0   1   0   2   0  16  45   0
    0   0   0   0   0   0   1   1   0   0]
 [  0   0   0   0   0   0   0   0   0   0   1   1   0   0  21  58 142 119
  170 167 102  43   0   0   0   0   1   0]
 [  0   0   0   0   0   0   0   0   0   1   0   1   0  11 104 119  89   0
   17 144 160 100   3  15   7   1   0   0]
 [  0   0   0   0   0   0   0   0   0   0   2   1   0  33 182 139 255 142
    0 130  87   0  10  16  16  14   9   0]
 [  0   0   0   0   0   0   0   0   0   1   2   2   0  20 153  92 102 236
  204 147   8   2  20  21  19  23  27   4]
 [  0   0   0   0   0   0   0   0   1   1   0   0   0  30 116  26   0  26
  172  26   2  26  26  27  21  22  21   0]
 [  0   0   0   0   0   0   0   0   0   0   0   0   5 225 210 248 110  71
  157   2   0   0  10  11  18  13  33  58]
 [  1   0   0   1   0   0   0   0   1   3   0   0  15 132 150 195 155 147
  155 140 114  78  32  10  12   0  47  52]
 [  1   0   0   1   1   0   0   0   1   0   0 188 167  89  69 109 134 131
  123 148 180 183 172 151 143 122 127   0]
 [  0   0   1   2   1   0   0   0   0  17  74 100 170 129 121 165 140 152
  150 114 134 148 137 123 119 133 143   0]
 [  0   1   4   2   2   3   0   0  85 143 185  81 102 160 154 143 148 122
  156 137 123 145 137 128 131 120 174   2]
 [  1   0   0   0   0   0   0  95 114  75 123 109 152 150 144 139 147 142
  134 120 132 126 133 129 127 150 220  32]
 [  0  12  62  74  79  99 133 170 110 116 134 146 144 145 151 149 149 150
  151 131 150 143 143 131 162 178 206   6]
 [  0  29 119 129 150 151 129 119 118 153 143 142 130 137 143 151 147 145
  147 133 148 144 126 134 184 196 179   0]
 [ 17   0   0  15  63 115 144 157 165 171 165 168 174 185 184 189 192 195
  190 172 175 180 165 174 211 167 187  47]
 [ 17  21  19   3   0   0   4  21  40  61  76  95  96  97  91  86  86  85
   75  80  78  70  52  42  35   9   1  58]
 [ 18  27  29  32  25  18  13   0   0   0   0   0   0   0   0   1   1   0
    0   4   3   0   2   4   6   6   1  43]
 [  0   4  19  29  36  39  40  38  37  36  32  31  29  29  29  26  25  25
   25  23  22  23  25  25  23  22  24  12]
 [  0   0   0   0   2   3  13  21  23  23  22  22  21  19  20  21  24  24
   22  23  25  25  26  30  30  25  17   0]
 [  0   0   0   0   0   0   0   0   0   0   0   0   0   0   0   0   0   0
    0   0   0   0   0   0   0   0   0   0]
 [  0   0   0   0   0   0   0   0   0   0   0   0   0   0   0   0   0   0
    0   0   0   0   0   0   0   0   0   0]
 [  0   0   0   0   0   0   0   0   0   0   0   0   0   0   0   0   0   0
    0   0   0   0   0   0   0   0   0   0]
 [  0   0   0   0   0   0   0   0   0   0   0   0   0   0   0   0   0   0
    0   0   0   0   0   0   0   0   0   0]]",Underrepresentation
"[[  0   0   0   1   0   0   0   0   0   0 144  89  65  59  64  57  70 155
   71   0   0   1   0   0   0   0   0   0]
 [  0   0   0   1   0   0   0   0  23 237 236 227 228 199 175 225 217 228
  235 192   0   0   0   0   0   0   0   0]
 [  0   0   0   0   0   0   0   4 211 240 225 232 230 227 212 229 223 224
  222 249 154   0   0   1   0   0   0   0]
 [  0   0   0   0   3   0  77 216 222 216 221 227 218 220 232 219 219 227
  221 215 230 206  33   0   0   0   0   0]
 [  0   0   0   0   0  46 230 220 216 219 225 225 225 222 230 222 222 222
  223 218 216 230 211  16   0   2   0   0]
 [  0   0   0   0   0 158 234 216 220 221 222 222 225 224 222 222 221 220
  218 219 220 214 238 116   0   1   0   0]
 [  0   0   0   0   0 213 226 222 218 222 222 222 224 223 222 222 221 220
  218 219 219 216 230 167   0   0   0   0]
 [  0   0   0   0  18 224 223 225 217 223 219 221 223 222 221 220 221 219
  217 217 216 218 228 201   0   0   0   0]
 [  0   0   0   0  54 227 221 227 217 224 226 221 224 222 221 221 216 218
  217 218 219 222 227 211  16   0   0   0]
 [  0   0   0   0  81 232 219 231 218 230 230 234 234 232 237 232 242 233
  232 225 216 220 224 235  82   0   0   0]
 [  0   0   0   0 114 234 219 234 225 218 115 115  95  99 229  93 102  88
  153 238 215 228 222 234 123   0   0   0]
 [  0   0   0   0 140 234 217 238 220 226 182 188 180 181 232 170 174 172
  193 231 214 225 227 229 166   0   0   0]
 [  0   0   0   0 170 231 220 238 220 231 238 242 241 237 233 237 241 239
  231 221 216 222 228 225 208   0   0   0]
 [  0   0   0   0 192 228 222 242 214 223 216 217 218 217 224 215 213 214
  221 222 213 226 227 219 237   0   0   0]
 [  0   0   0   0 221 224 222 243 216 222 215 220 224 220 224 218 219 220
  222 222 214 227 224 218 243   0   0   0]
 [  0   0   0   0 239 222 220 239 217 220 218 224 223 217 222 218 218 219
  218 220 217 229 222 216 249   0   0   0]
 [  0   0   0   0 247 222 220 239 215 217 223 225 218 216 222 220 218 219
  218 218 215 225 224 215 254   0   0   0]
 [  0   0   0   0 253 221 220 245 218 218 224 222 216 219 224 221 219 221
  219 218 214 226 225 217 255  15   0   0]
 [  0   0   0   0 255 220 220 250 221 219 222 220 218 216 222 219 217 220
  223 220 214 229 225 216 255  36   0   0]
 [  0   0   0   5 255 217 222 245 217 219 222 219 219 219 223 220 218 219
  223 220 220 226 229 215 255  59   0   0]
 [  0   0   0  16 255 217 225 242 224 219 225 219 220 220 223 220 220 218
  223 221 219 228 230 215 255  80   0   0]
 [  0   0   0  37 255 219 226 245 231 217 224 221 223 219 224 221 220 219
  222 223 215 234 230 215 254  90   0   0]
 [  0   0   0  47 229 218 221 245 229 214 219 223 224 220 224 222 220 222
  219 224 216 236 229 207 254 112   0   0]
 [  0   0   0  47 230 216 225 247 223 215 222 223 225 221 223 222 223 225
  220 220 217 239 228 218 247 136   0   0]
 [  0   0   0  59 227 215 218 235 226 218 222 227 227 222 222 222 224 227
  226 224 212 228 228 214 222 162   0   0]
 [  0   0   0  90 242 232 236 239 223 218 219 220 219 216 218 215 219 220
  222 221 218 240 239 229 243 191   0   0]
 [  0   0   0   0  32  62  26 121 239 231 236 255 255 255 254 255 255 255
  238 238 255 206 225 198 150  77   0   0]
 [  0   0   0   0   0   0   0   0  38  52  74  88  94 101 157 138 105 102
   92  67   7   0   0   0   0   0   0   0]]",Underrepresentation
"[[  0   0   0   0   0   0   0   0   1   0   1   0   0   0   0   0   0   0
    1   0   0   0   0   0   0   0   0   0]
 [  0   0   0   0   0   0   0   0   0   0   0   0 101 177  97 186  77   0
    0   0   0   0   0   0   0   0   0   0]
 [  0   0   0   0   0   0   0   0   0   0  49 182 245 243 227 241 241 183
   46   0   0   0   0   0   0   0   0   0]
 [  0   0   0   0   0   0   0   0   0  71 249 241 225 224 228 223 225 240
  247  42   0   0   0   0   0   0   0   0]
 [  0   0   0   0   0   0   0   0   0 181 246 222 228 227 222 222 228 220
  244 147   0   0   0   0   0   0   0   0]
 [  0   0   0   0   0   0   0   0   0 225 239 226 226 224 226 223 226 223
  238 216   0   0   0   0   0   0   0   0]
 [  0   0   0   0   0   0   0   0   0 227 233 227 226 225 227 224 227 227
  229 225   0   0   0   0   0   0   0   0]
 [  0   0   0   0   0   0   0   0  33 239 229 228 226 226 224 227 227 227
  226 242  41   0   0   0   0   0   0   0]
 [  0   0   0   0   0   0   0   0 151 246 225 229 227 228 225 228 228 229
  223 249 165   0   0   0   0   0   0   0]
 [  0   0   0   0   0   0   0   0  70 232 244 226 228 229 220 226 229 225
  236 239  99   0   0   0   0   0   0   0]
 [  0   0   0   0   0   0   0   0   0   0 165 240 226 232 232 231 226 232
  225  35   0   0   0   0   0   0   0   0]
 [  0   0   0   0   0   0   0   0   1   0 100 250 224 234 218 225 225 242
  187   0   0   0   0   0   0   0   0   0]
 [  0   0   0   0   0   0   0   0   3   0 130 249 224 233 230 233 226 243
  196   0   0   0   0   0   0   0   0   0]
 [  0   0   0   0   0   0   0   0   3   0 129 249 224 237 223 228 226 247
  183   0   0   0   0   0   0   0   0   0]
 [  0   0   0   0   0   0   0   0   3   0 132 250 225 236 227 230 227 249
  180   0   0   0   0   0   0   0   0   0]
 [  0   0   0   0   0   0   0   0   4   0 136 251 226 238 236 236 228 251
  176   0   0   0   0   0   0   0   0   0]
 [  0   0   0   0   0   0   0   0   3   0 139 252 226 240 233 233 229 253
  177   0   0   0   0   0   0   0   0   0]
 [  0   0   0   0   0   0   0   0   3   0 139 253 227 240 237 236 230 253
  177   0   0   0   0   0   0   0   0   0]
 [  0   0   0   0   0   0   0   0   3   0 140 253 227 241 239 238 231 253
  177   0   0   0   0   0   0   0   0   0]
 [  0   0   0   0   0   0   0   0   3   0 139 254 230 241 241 238 233 254
  179   0   0   0   0   0   0   0   0   0]
 [  0   0   0   0   0   0   0   0   3   0 137 254 231 241 243 238 233 254
  181   0   0   0   0   0   0   0   0   0]
 [  0   0   0   0   0   0   0   0   3   0 135 254 232 242 246 241 234 254
  181   0   0   0   0   0   0   0   0   0]
 [  0   0   0   0   0   0   0   0   3   0 133 254 233 242 249 242 235 254
  182   0   0   0   0   0   0   0   0   0]
 [  0   0   0   0   0   0   0   0   3   0 133 254 234 242 251 242 236 254
  184   0   0   0   0   0   0   0   0   0]
 [  0   0   0   0   0   0   0   0   3   0 131 254 235 243 252 243 236 254
  182   0   0   0   0   0   0   0   0   0]
 [  0   0   0   0   0   0   0   0   3   0 131 254 235 242 250 243 236 255
  182   0   0   0   0   0   0   0   0   0]
 [  0   0   0   0   0   0   0   0   8   0 118 255 237 247 255 255 243 255
  163   0   3   0   0   0   0   0   0   0]
 [  0   0   0   0   0   0   0   0   3   0   0 154 215 211 201 196 209 199
   29   0   1   0   0   0   0   0   0   0]]",Overfitting
"[[  0   0   0   0   0   0   0   0  31  53 104 145  89  49  98 145 136  58
   56  22   0   0   0   0   0   0   0   0]
 [  0   0   0   0   0   0   0 107 102  84  56 150 218 247 255 190  74  71
   94 114  65   0   0   0   0   0   0   0]
 [  0   0   0   0   0   0  35 100  69  70  71  32  30  37  53  31  53  77
   71  85 102  17   0   0   0   0   0   0]
 [  0   0   0   0   0   0  70 104  87  79  74  73  74  70  80  77  73  71
   78  92 104  61   0   0   0   0   0   0]
 [  0   0   0   0   0   0  88 102  88  78  73  65  70  71  83  70  70  73
   90 103 104 106   0   0   0   0   0   0]
 [  0   0   0   0   0   0  98  92  94  88  68  64  68  71  79  65  66  74
   85 107 102 117   1   0   0   0   0   0]
 [  0   0   0   0   0   0 111  78 127  89  73  78  82  84  93  80  88  71
  164 155  98 121   7   0   0   0   0   0]
 [  0   0   0   0   0   1 118  88 213 159  75  97  92  84  97  95 107  77
  166 190  99 124  35   0   0   0   0   0]
 [  0   0   0   0   0  20 114 111 224 135  84  97  93  89 104  95  99  87
  111 188  80 121  58   0   0   0   0   0]
 [  0   0   0   0   0  40 111 137 224  95 102 103 100  97 107 100 102  95
  106 199 122 124  69   0   0   0   0   0]
 [  0   0   0   0   0  53 109 155 186  74 113 100  99  98 108  99 108 104
   82 196 135 118  88   0   0   0   0   0]
 [  0   0   0   0   0  70 108 160 152  82 113  98  97  92 116 108 111 108
   78 167 155 108  90   0   0   0   0   0]
 [  0   0   0   0   0  88 102 169 147  92 117 106 108 103 130 109 107 123
   75 156 172 116  93   0   0   0   0   0]
 [  0   0   0   0   0  98 106 167 114  92 108 107 103 104 127 114 106 113
   95 119 174 128 103   0   0   0   0   0]
 [  0   0   0   0   0 100 116 191 103  97 108 108 108 106 127 121 109 109
  106  80 184 130 103   0   0   0   0   0]
 [  0   0   0   0   0 104 119 177 100 111 108 109 114 104 131 123 106 113
  108  84 194 133 106   0   0   0   0   0]
 [  0   0   0   0   0 106 123 160  92 109 106 119 112 106 132 130 108 116
  109  90 203 133 107   0   0   0   0   0]
 [  0   0   0   0   0 108 122 170  98 112 126 116 108 107 133 137 112 121
  116  98 200 132 113   0   0   0   0   0]
 [  0   0   0   0   0 109 116 172 102 119 119 106 117 112 135 140 114 123
  121 100 180 127 117   0   0   0   0   0]
 [  0   0   0   0   0 107 111 174 102 109 109 114 124 111 133 137 116 123
  121  97 207 142 108   0   0   0   0   0]
 [  0   0   0   0   0 107 112 180 100 112 118 121 122 113 136 138 119 124
  119  90 169 159 112   0   0   0   0   0]
 [  0   0   0   0   0 102 117 160  99 117 121 122 126 119 142 147 121 130
  122  93 145 146 106   0   0   0   0   0]
 [  0   0   0   0   0 123 154 193  98 117 123 124 130 113 146 167 112 126
  123  99 157 194 130   0   0   0   0   0]
 [  0   0   0   0   0  29  11  59 124 119 128 122 128 126 136 154 113 128
  119 124  93  15   6   0   0   0   0   0]
 [  0   0   0   0   0   0   0  39 140 112 126 128 130 122 140 148 123 136
  122 124 102   0   0   0   0   0   0   0]
 [  0   0   0   0   0   2   0  61 136 114 123 131 127 122 148 157 127 131
  119 118 123   0   0   0   0   0   0   0]
 [  0   0   0   0   0   1   0  82 130 121 132 124 132 126 148 160 123 135
  133 124 157   6   0   0   0   0   0   0]
 [  0   0   0   0   0   2   0  42  95  93 102 106 119 108 146 147 123 127
  108  82  59   0   0   0   0   0   0   0]]",Underrepresentation
"[[  0   0   0   1   0   0   0   5  84 172 167 127  66   7   0  44 103 125
  171 136  32   0   0   0   2   0   0   0]
 [  0   0   1   1   0  47 159 218 215 200 213 232 240 206 167 238 234 223
  209 213 225 208 122   0   0   1   0   0]
 [  0   0   1   0  37 204 204 188 183 180 176 185 205 226 231 207 191 180
  180 181 188 194 216 141   0   0   0   0]
 [  0   0   0   0 169 209 189 190 185 182 185 185 185 182 183 188 186 186
  185 192 185 190 195 203   5   0   1   0]
 [  0   0   0   0 220 199 191 184 182 178 182 185 188 192 192 191 188 182
  185 188 188 194 199 213  52   0   0   0]
 [  0   0   0  32 200 198 195 184 181 178 183 184 184 188 186 185 183 183
  184 185 188 189 196 215  88   0   1   0]
 [  0   0   0  85 205 198 198 181 178 177 184 183 184 188 184 182 181 184
  183 182 189 184 203 209 155   0   0   0]
 [  0   0   0 141 204 199 198 179 176 179 189 189 186 189 186 184 185 189
  185 179 185 185 225 198 208   0   0   0]
 [  0   0   0 156 202 199 209 178 180 184 192 192 190 189 190 191 192 193
  184 180 181 195 225 192 220  19   0   0]
 [  0   0   0 176 200 193 226 184 185 186 190 191 189 189 188 188 190 189
  182 196 180 208 219 191 224  60   0   0]
 [  0   0   0 191 198 193 231 207 190 188 190 192 189 189 186 188 190 189
  188 200 200 225 212 192 221  99   0   0]
 [  0   0   0 202 198 199 237 231 196 191 189 193 190 189 186 188 189 188
  185 199 233 239 213 198 199 138   0   0]
 [  0   0   0 206 198 193 249 137 190 194 188 192 189 186 189 185 184 189
  183 218 124 193 231 199 199 170   0   0]
 [  0   0   2 209 202 198 255  28 193 195 185 192 189 185 190 186 184 192
  178 230  21 136 238 197 202 196   0   0]
 [  0   0  11 215 205 207 255   8 222 176 189 194 191 186 190 186 184 191
  175 227  95  68 242 200 203 207   0   0]
 [  0   0  21 218 205 227 203  33 234 172 189 196 193 188 189 185 182 193
  183 218 179   0 244 205 208 216   0   0]
 [  0   0  41 223 203 237 137  38 232 166 190 199 193 189 186 185 182 195
  189 197 231   0 236 211 205 224  18   0]
 [  0   0  49 223 200 234 111  99 225 166 191 200 192 188 190 189 185 193
  193 179 237  25 158 220 203 227  48   0]
 [  0   0  71 200 195 232  84 166 208 175 190 203 192 184 190 188 184 193
  198 176 231  82 101 225 200 202  79   0]
 [  0   0 129 209 208 250  47 190 202 177 194 209 196 188 193 191 186 199
  198 181 220 186  51 247 211 211 151   0]
 [  0   0   0  31  31  30   0 205 190 179 196 211 193 185 192 192 185 203
  202 190 198 233   0  28  46  42   6   0]
 [  0   0   0   0   0   0  14 219 178 185 198 215 198 190 193 192 186 203
  203 190 188 238  31   0   0   0   0   0]
 [  0   0   2   2   4   0  39 223 181 183 203 218 202 193 195 194 190 205
  208 194 185 234  65   0   6   4   3   0]
 [  0   0   1   0   3   0  51 224 178 184 203 218 199 191 198 196 190 207
  213 196 185 211  75   0   4   1   0   0]
 [  0   0   0   0   5   0  71 200 186 188 211 218 204 195 196 196 193 211
  210 199 191 213  98   0   2   0   0   0]
 [  0   0   1   1   2   0  89 198 186 181 203 211 206 190 192 198 185 203
  205 196 188 210 110   0   1   0   0   0]
 [  0   0   0   0   5   0 126 217 197 227 231 235 231 226 220 216 220 234
  233 231 204 227 158   0   2   0   0   0]
 [  0   0   0   0   3   0  35 114 101 111 116  73  51 116 159 151 151  91
   81 116 109 109  47   0   0   0   0   0]]",Underfitting
"[[  0   0   0   0   0   0   0   0   0   1   0  87 211 205 211 200 187  91
    0   0   0   0   0   0   0   0   0   0]
 [  0   0   0   0   0   0   0   0   1   5   0 108 245 225 197 222 244 197
    0   0   0   0   0   0   0   0   0   0]
 [  0   0   0   0   0   0   1   0   0   0   0 109 239 223 205 217 233 160
    0   0   0   0   1   0   0   0   0   0]
 [  0   0   0   0   0   1   0   0   0  48 128 236 227 228 233 222 224 239
  130  35   0   0   0   1   0   0   0   0]
 [  0   0   0   0   2   0   0 130 201 233 237 224 223 227 220 225 224 226
  238 228 197 123   0   0   1   0   0   0]
 [  0   0   0   0   0   0 143 245 226 221 220 223 224 224 218 226 225 223
  218 222 226 242  97   0   0   0   0   0]
 [  0   0   0   0   0  10 222 223 222 224 225 224 224 225 219 224 228 249
  241 222 222 222 209   0   0   0   0   0]
 [  0   0   0   0   0  75 239 219 224 224 224 224 224 225 216 224 237 129
  176 239 221 219 234  44   0   0   0   0]
 [  0   0   0   0   0 109 239 222 224 223 224 224 224 225 216 220 247  92
  107 248 217 218 238  71   0   0   0   0]
 [  0   0   0   0   0 135 238 228 232 220 224 222 223 223 215 224 232 240
  236 227 227 222 238 135   0   0   0   0]
 [  0   0   0   0   0 162 237 225 238 218 225 223 224 224 215 225 224 222
  226 221 231 226 233 191   0   0   0   0]
 [  0   0   0   0   0 184 236 225 246 225 223 224 225 224 215 225 224 227
  223 222 237 225 228 220   0   0   0   0]
 [  0   0   0   0   0 197 234 226 233 228 225 223 224 222 216 224 223 223
  226 220 228 227 232 189   0   0   0   0]
 [  0   0   0   0   0 213 229 237 122 211 233 224 226 224 217 225 225 223
  241 185 125 240 230 198   0   0   0   0]
 [  0   0   0   0   0 197 227 255  66 208 239 222 225 223 218 226 226 219
  248 181  72 241 230 203   0   0   0   0]
 [  0   0   0   0   0 210 225 255  25 175 249 219 224 222 218 227 225 218
  254 161  39 244 230 207   0   0   0   0]
 [  0   0   0   0   0 220 223 255  18 181 249 220 225 223 217 227 223 218
  255 155  46 245 227 201   0   0   0   0]
 [  0   0   0   0  16 227 221 255   0 204 245 220 225 223 217 227 223 220
  249 177  34 255 224 217   0   0   0   0]
 [  0   0   0   0  39 229 224 255   0 199 244 220 225 223 217 227 223 222
  240 200   3 255 224 222   0   0   0   0]
 [  0   0   0   0  44 231 226 252   0 231 234 222 223 222 219 225 225 221
  234 226   0 255 225 224  11   0   0   0]
 [  0   0   0   0  41 229 229 224   0 255 226 225 224 222 220 226 224 223
  222 255   9 228 231 224   9   0   0   0]
 [  0   0   0   0  32 227 238 154  15 255 221 227 226 224 222 226 222 225
  219 255  70 158 240 223   9   0   0   0]
 [  0   0   0   0  26 227 241 115 116 236 219 223 224 222 220 223 222 222
  217 231 136 105 240 223  14   0   0   0]
 [  0   0   0   0  34 228 237  88 221 243 230 229 230 224 226 226 226 231
  237 240 245 101 233 224  24   0   0   0]
 [  0   0   0   0  51 229 235  77 133 223 195 205 212 205 207 218 207 188
  165 152 125  72 232 226  46   0   0   0]
 [  0   0   0   0  59 226 233  68   0   0   0   0   0   0   0   0   0   0
    0   0   0  18 230 228  67   0   0   0]
 [  0   0   0   0  88 239 248  90   0   0   0   0   0   0   0   0   0   0
    0   5   0  26 227 233 122   0   0   0]
 [  0   0   0   0  54 167 166  33   0   2   1   2   2   2   2   3   2   1
    0   3   0   8 210 227 120   0   0   0]]",Overfitting
"[[  0   0   0   0   0   0   0   0   0   0  19 135 159 132 210 197  48   0
    0   0   0   1   0   0   0   0   0   0]
 [  0   0   0   0   0   0   0   0   0 132 255 194 192 161 157 192 241 215
   12   0   1   0   1   0   0   0   0   0]
 [  0   0   0   0   0   0   0   0   0 199 137 167 238 204 232 229 170 177
  146   0   0   0   1   0   0   0   0   0]
 [  0   0   0   0   0   0   0  77 188 150 175 197 192 245 245 173 129 124
  150 174  23   0   0   0   0   0   0   0]
 [  0   0   0   0   0   0  13 161 146 149 163 181 174 195 195 175 201 206
  150 157 187   0   0   0   0   0   0   0]
 [  0   0   0   0   0   0  83 158 138 141 146 132 150 108 106 155  81 134
  155 137 164  49   0   0   0   0   0   0]
 [  0   0   0   0   0   0 146 163 139 138 142 140 142 146 139 154  95 148
  166 131 156 113   0   0   0   0   0   0]
 [  0   0   0   0   0   0 183 195 132 141 144 143 152 119 152 153 165 160
  141 140 174 157   0   0   0   0   0   0]
 [  0   0   0   0   0   0 147 214 163 139 147 148 149 149 164 148 144 150
  136 174 198 172   0   0   0   0   0   0]
 [  0   0   0   0   0   0 146 216 196 127 148 148 152 155 150 149 149 153
  129 199 185 179  11   0   0   0   0   0]
 [  0   0   0   0   0   0 194 196 223 148 149 150 153 159 157 154 156 163
  157 206 168 185  46   0   0   0   0   0]
 [  0   0   0   0   0   0 188 214 222 154 141 149 147 146 150 155 155 143
  156 222 174 180  68   0   0   0   0   0]
 [  0   0   0   0   0   0 165 226 213 140 154 149 149 154 154 153 153 143
  161 228 208 172  89   0   0   0   0   0]
 [  0   0   0   0   0   7 166 219 226 133 156 150 150 153 154 163 171 159
  142 231 211 160 104   0   0   0   0   0]
 [  0   0   0   0   0  10 163 220 226 146 151 157 154 155 157 153 155 169
  141 226 196 158 117   0   0   0   0   0]
 [  0   0   0   0   0  21 162 215 231 148 149 154 160 162 163 160 151 156
  142 231 184 162 120   0   0   0   0   0]
 [  0   0   0   0   0  37 157 204 228 129 149 157 160 155 157 158 152 153
  144 210 174 161 121   0   0   0   0   0]
 [  0   0   0   0   0  57 154 208 217 121 157 157 153 156 158 158 152 157
  149 194 177 151 126   0   0   0   0   0]
 [  0   0   0   0   0  71 144 215 208 123 158 151 156 161 157 158 155 152
  126 195 200 138 134   0   0   0   0   0]
 [  0   0   0   0   0 127 138 221 206 123 153 156 161 160 161 159 156 155
  132 189 235 136 141   0   0   0   0   0]
 [  0   0   0   0   0 125 138 208 184 125 153 157 156 159 160 155 151 154
  130 166 213 148 139   0   0   0   0   0]
 [  0   0   0   0   0 120 152 180 160 154 163 159 160 162 164 162 156 151
  143 173 195 154 135   0   0   0   0   0]
 [  0   0   0   0   0 150 175 186 103 127 173 184 163 166 165 167 193 185
  147 107 209 169 165   0   0   0   0   0]
 [  0   0   0   0   0 149 153 195  27   0   0   0   0   0   0   1   0   0
    0   0 208 172 137   0   0   0   0   0]
 [  0   0   0   0   0   0   0   0  10   0   0   0   0   0   0   0   0   0
    0   0   0   0   0   0   0   0   0   0]
 [  0   0   0   0   0   0   0   0  30   0   0   1   1   1   1   1   1   2
    0   0   0   0   0   0   0   0   0   0]
 [  0   0   0   0   0   0   0   0  18   0   0   0   0   0   0   0   0   0
    0   0   0   0   0   0   0   0   0   0]
 [  0   0   0   0   0   0   0   0  13   0   0   0   0   0   0   0   0   0
    0   0   0   0   0   0   0   0   0   0]]",Underrepresentation
"[[  0   0   0   0   0   0   0   0   0   0   0   0   0   0   0   0   0   0
    0   0   0   0   0   0   0   0   0   0]
 [  0   0   0   0   0   0   0   0   0   0   0   0   0   0   0   0   0   0
    0   0   0   0   0   0   0   0   0   0]
 [  0   0   0   0   0   2   0   2   0   0   0  72 118  98  86 176  63   0
    0   0   2   0   0   0   0   0   0   0]
 [  0   0   0   0   0   2   0   0   0   5  57 124 101  75  86 150 130  52
    0   0   0   0   0   0   0   0   0   0]
 [  0   0   0   0   0   0   0  23  84 133 127 153 141  78 173 141 124 127
  136  78  11   0   0   0   0   0   0   0]
 [  0   0   0   0   0   2  60 115 118  98  78 121 130 188 173 115 121  98
  118 147 110  81   0   0   0   0   0   0]
 [  0   0   0   5   0  66 136  66  89 104  98 104  92 165 121 115 101  92
   98  86  95 136   0   0   0   0   0   0]
 [  0   0   0   5   0 113 179  46  98 101 104 115  89 127  98 101 107 107
  104  92 115 156  31   0   0   0   0   0]
 [  0   0   0   0   0 124 205  95 107 115  95 121 104 144 110 107 107 104
  104  89 133 162  98   0   0   0   0   0]
 [  0   0   2   0  28 107 214 153  92 107 101 130  89 139 107 104 104 101
  104  92 153 141 136   8   0   0   2   0]
 [  0   0   0   0  98 110 191 162  72 107 115 133  98 139 110 115 118 118
  107  95 141 139 130  63   0   0   2   0]
 [  0   2   0   0 124 107 188 150  81 127 115 118  95 133 101 107 113 113
  110  98 133 144 133 107   0   0   0   0]
 [  0   5   0  28 159  98 205 139  89 130 115 118  92 136 104 110 115 115
  110 107 130 144 130 156   2   0   2   0]
 [  0   0   0  75 159  69 202 118 107 127 115 118 101 141 113 115 124 121
  113 115 130 144 127 141  55   0   0   0]
 [  0   0   0 118 136  81 194 110 121 115 110 124 110 139 107 113 121 115
  115 121 130 141 127 124 113   0   0   0]
 [  2   0  20 147 124  92 255  92 118 136 115 113 110 156 110 118 113 118
  121 115 124 150 124 121 153   5   0   0]
 [  0   0  55 144 124 101 228 101 127 133 118 115 107 153 110 121 115 121
  127 124 127 153 133 113 159  34   0   0]
 [  0   0 118 136 121 121 194 110 136 124 115 121 107 150 107 121 115 121
  127 121 127 147 136 115 144  98   0   0]
 [  0   2 156 127 118 136 185 113 139 124 110 127 107 144 107 118 118 124
  127 118 121 139 130 121 136 162   0   0]
 [  0  34 133 130 104 147 188 107 133 124 110 127 104 147 104 121 118 124
  136 124 124 150 124 127 130 153  11   0]
 [  0  63 153 153  86 170 162 113 121 118 121 113 104 162 104 136 121 118
  136 130 121 156 133 136 127 144  86   0]
 [  0 118 156 130 118 153 139 127 115 124 121 113 101 170 115 139 121 124
  127 139 136 141 139 141 133 133 101   0]
 [  0 173 144 124 159  95 153 101 124 124 124 115 104 162 115 133 110 115
  141 147 153 159  57 144 136 124 141   5]
 [ 14 150 130 150 107  55 191 133 136 136 130 121 107 147 113 130 107 130
  147 133 139 165   0 147 139 124 168  43]
 [ 43 130 113 182  20  55 194 147 133 133 130 121 110 150 113 141 124 130
  133 147 153 179   0  72 144 118 141  46]
 [127 141 127 150   0   0  43  72 127 144 150 136 115 165 124 168 162 150
  168 124  78  46   0   0 153 139 141 130]
 [  0  17 101  95   0   0   0   0   0  23  69  98 101 139  95  95  72  46
    2   0   0   0   0   0 115 113  20  14]
 [  0   0   0   0   0   0   0   0   0   0   0   0   0   0   0   0   0   0
    0   0   0   0   0   0   0   0   0   0]]",Underrepresentation
"[[  0   0   0   0   0   0   1   1   0   0   0  50 207 182 178 207  95   0
    0   0   0   0   0   0   0   0   0   0]
 [  0   0   0   0   0   1   0   0   0  28 175 255 255 230 218 255 255 233
  108  19   0   0   0   0   0   0   0   0]
 [  0   0   0   0   0   0   0 130 213 244 251 237 233 239 241 230 232 241
  252 242 197  34   0   0   0   0   0   0]
 [  0   0   0   0   0   0  59 255 240 235 235 237 237 235 234 235 234 230
  231 229 250 187   0   0   0   0   0   0]
 [  0   0   0   0   0   0 130 250 231 238 239 239 238 237 237 236 235 236
  236 230 229 224   0   0   0   0   0   0]
 [  0   0   0   0   0   0 183 252 236 238 238 238 237 237 236 236 236 236
  235 227 230 241  42   0   0   0   0   0]
 [  0   0   0   0   0   0 214 251 239 236 238 237 236 236 236 236 236 238
  232 223 232 245  73   0   0   0   0   0]
 [  0   0   0   0   0   0 241 246 248 255 237 236 236 235 236 236 236 237
  229 235 236 248 127   0   0   0   0   0]
 [  0   0   0   0   0   0 255 248 225 199 253 232 235 234 236 236 237 234
  229 218 243 247 164   0   0   0   0   0]
 [  0   0   0   0   0   0 255 250 200 144 255 233 237 236 237 237 237 241
  235 167 247 246 187   0   0   0   0   0]
 [  0   0   0   0   0  17 243 247 218 150 255 235 240 238 237 237 236 244
  232 145 252 242 221   0   0   0   0   0]
 [  0   0   0   0   0  37 245 248 202 124 255 233 240 238 238 238 236 248
  228  96 255 238 249   0   0   0   0   0]
 [  0   0   0   0   0  64 247 251 194  96 255 232 241 239 239 238 237 244
  239  21 255 241 227   0   0   0   0   0]
 [  0   0   0   0   0  95 247 255 166  40 255 232 241 239 239 238 238 238
  255   0 255 243 234   0   0   0   0   0]
 [  0   0   0   0   0 124 247 255  95  21 255 231 241 239 239 238 238 235
  255   0 255 242 239  13   0   0   0   0]
 [  0   0   0   0   0 152 246 255  33  74 255 230 242 241 239 238 239 230
  255  46 214 247 242  35   0   0   0   0]
 [  0   0   0   0   0 166 245 255   0 166 255 234 242 241 239 238 240 225
  255  68 145 255 242  57   0   0   0   0]
 [  0   0   0   0   0 180 255 255   0 248 255 238 241 241 239 238 238 233
  255 170 103 255 242  80   0   0   0   0]
 [  0   0   0   0   0 195 255 210   0 255 239 240 241 241 240 239 238 235
  250 233  49 255 245 105   0   0   0   0]
 [  0   0   0   0   0 200 255 156   5 255 232 243 242 242 241 240 239 239
  242 255  57 255 250 117   0   0   0   0]
 [  0   0   0   0   0 203 255 108  66 255 237 243 243 243 242 241 240 239
  237 255  39 213 255 136   0   0   0   0]
 [  0   0   0   0   0 213 255  62  91 255 237 241 241 241 239 239 239 239
  231 255  28 182 255 148   0   0   0   0]
 [  0   0   0   0   0 211 255  49  91 255 245 250 251 252 251 250 248 249
  242 255  49 152 255 163   0   0   0   0]
 [  0   0   0   0   0 208 255  72   0   1  19  34  39  46  45  43  43  37
   14   0   0 151 255 189   0   0   0   0]
 [  0   0   0   0   0 202 255  75   0   0   0   0   0   0   0   0   0   0
    0   0   0 137 255 190   0   0   0   0]
 [  0   0   0   0   0 203 255  95   0   9   3   6   3   3   3   3   3   6
    2   4   0 137 255 202   0   0   0   0]
 [  0   0   0   0   0 181 233  98   0   8   0   0   0   0   0   0   0   0
    0   7   0 126 235 188   0   0   0   0]
 [  0   0   0   0   0   0   0   0   0   2   0   0   0   0   0   0   0   0
    0   1   0   0   0   0   0   0   0   0]]",Underrepresentation
"[[  0   0   0   0   0   0   0   0   0   0   0   2   0   0   0   0   0   0
    0   0   0   0   0   0   0   0   0   0]
 [  0   0   0   0   0   0   0   0   0   0   1   0  51 173 189 170  39   0
    1   0   0   0   0   0   0   0   0   0]
 [  0   0   0   0   0   0   0   1   5   0   0   0 192 250 200 241 160   0
    0   2   5   1   0   1   0   0   0   0]
 [  0   0   0   0   1   0   2   0   0   0   0  61 223 226 201 216 224  33
    0   0   0   0   3   0   0   0   0   0]
 [  0   0   0   0   0   2   0   0  25 146 241 255 224 221 213 207 216 255
  221 128  26   0   0   1   0   0   0   0]
 [  0   0   0   0   3   0   3 185 230 233 220 210 208 216 198 208 208 207
  218 230 225 179   0   0   2   0   0   0]
 [  0   0   0   0   0   0 174 238 208 212 213 215 209 217 200 211 215 210
  203 203 204 235 172   0   0   0   0   0]
 [  0   0   0   0   0   0 210 229 216 223 215 214 216 218 200 216 198 197
  209 213 211 214 209   0   0   0   0   0]
 [  0   0   0   0   0  11 228 229 225 219 213 212 213 215 202 217 205 206
  212 209 212 217 221  21   0   0   0   0]
 [  0   0   0   0   0  61 234 225 239 223 216 216 216 216 204 218 203 207
  210 206 216 222 231  73   0   0   0   0]
 [  0   0   0   0   0 117 238 220 245 229 221 223 221 221 205 226 210 218
  216 201 227 223 232 115   0   0   0   0]
 [  0   0   0   0   0 152 238 218 242 231 226 228 221 220 208 221 216 211
  230 196 242 223 231 151   0   0   0   0]
 [  0   0   0   0   0 170 238 219 249 239 226 227 221 223 211 216 223 206
  229 218 253 222 230 186   0   0   0   0]
 [  0   0   0   0   0 194 236 224 231 236 231 227 222 226 211 211 226 218
  219 209 230 231 227 219   0   0   0   0]
 [  0   0   0   0   0 208 235 231 193 222 236 226 223 227 218 216 224 223
  226 189 150 241 229 233   0   0   0   0]
 [  0   0   0   0   0 220 232 249 155 221 239 225 225 226 222 222 219 230
  230 196  80 255 226 240   0   0   0   0]
 [  0   0   0   0   0 233 229 254  87 211 246 223 230 226 221 222 213 229
  227 210  52 255 224 247   0   0   0   0]
 [  0   0   0   0   0 207 227 255  57 213 249 222 230 225 222 224 211 232
  226 227   0 255 226 214   3   0   0   0]
 [  0   0   0   0   0 218 226 255  28 237 242 224 230 226 224 225 214 229
  231 232   0 250 228 219  25   0   0   0]
 [  0   0   0   0   0 221 230 254   0 253 239 227 231 225 228 230 221 229
  235 234   0 220 232 222  49   0   0   0]
 [  0   0   0   0   0 228 233 231   0 255 235 229 231 225 230 231 225 224
  235 245   0 178 238 226  72   0   0   0]
 [  0   0   0   0  11 231 239 193   0 255 237 230 232 225 231 232 225 222
  228 253   0 135 244 228  93   0   0   0]
 [  0   0   0   0  34 234 243 162   0 255 232 232 232 226 233 234 225 223
  228 255   0  73 246 229 106   0   0   0]
 [  0   0   0   0  51 237 244 136   0 255 233 232 233 231 236 239 227 225
  227 255   0  23 241 227 124   0   0   0]
 [  0   0   0   0  65 237 245 102   0 255 235 230 227 229 233 234 226 221
  218 255   0   0 233 230 137   0   0   0]
 [  0   0   0   0  80 240 241  78   0 205 227 242 247 245 253 254 249 237
  227 254   0   0 225 230 148   0   0   0]
 [  0   0   0   0 108 247 241  70   0   0   0  37  77  82 100  92  81  55
   17   0   0   0 255 242 208   0   0   0]
 [  0   0   0   0  74 217 210  28   0   0   0   0   0   0   0   0   0   0
    0   0   0   0 133 193 122   0   0   0]]",Overfitting
"[[  0   0   0   0   0   0   0   0  76 172 170  11   0   0   0   0   0  14
  166 154  23   0   1   0   0   0   0   0]
 [  0   0   0   0   0   0   0  22 207 193 209 255 184 162 190 144 113 188
  194 208 163   0   1   0   0   0   0   0]
 [  0   0   0   0   0   0   0   1 185 188 182 194 202 194 169 197 202 188
  182 197 114   0   0   0   0   0   0   0]
 [  0   0   0   0   0   0   0   0 182 190 185 184 181 187 165 190 188 185
  182 198 109   0   0   0   0   0   0   0]
 [  0   0   0   0   0   0   0   0 206 191 184 189 185 188 177 187 185 187
  181 198 102   0   1   0   0   0   0   0]
 [  0   0   0   0   0   0   0   0 194 193 183 188 185 188 177 188 187 187
  179 198 106   0   1   0   0   0   0   0]
 [  0   0   0   0   0   0   0   0 185 196 179 187 185 187 184 183 185 184
  178 200 113   0   0   0   0   0   0   0]
 [  0   0   0   0   0   0   0   0 175 196 177 184 183 184 185 183 182 182
  179 201 123   0   0   0   0   0   0   0]
 [  0   0   0   0   0   0   0   0 170 201 178 181 181 181 182 183 184 182
  182 201 132   0   0   0   0   0   0   0]
 [  0   0   0   0   0   0   0   0 154 204 184 183 184 179 185 184 184 184
  184 203 129   0   0   0   0   0   0   0]
 [  0   0   0   0   0   0   0   0 140 206 187 185 183 181 188 184 183 183
  184 204 132   0   0   0   0   0   0   0]
 [  0   0   0   0   0   0   0   0 134 207 188 188 181 184 191 187 182 182
  184 204 148   0   0   0   0   0   0   0]
 [  0   0   0   0   0   0   0   0 145 207 188 188 183 183 196 184 184 184
  184 203 178   0   0   0   0   0   0   0]
 [  0   0   0   0   0   0   0   0 150 208 191 188 185 185 204 184 187 185
  187 203 193   0   0   0   0   0   0   0]
 [  0   0   0   0   0   0   0   0 139 210 185 196 181 184 210 177 187 189
  189 201 196   0   1   0   0   0   0   0]
 [  0   0   0   0   0   0   0   0 172 206 185 195 191 210 207 208 188 189
  190 198 216   0   0   0   0   0   0   0]
 [  0   0   0   0   0   0   0   5 237 195 193 189 214 226 195 207 194 190
  194 193 200  33   0   0   0   0   0   0]
 [  0   0   0   0   0   0   0  53 204 189 189 188 203 204 195 190 185 176
  185 187 207  85   0   0   0   0   0   0]
 [  0   0   0   0   0   0   0 126 212 194 194 185 196 197 200 196 194 213
  203 200 203 158   0   0   0   0   0   0]
 [  0   0   0   0   0   0   0 220 214 212 234 204 203 219 226 213 188 255
  221 214 195 197   0   0   0   0   0   0]
 [  0   0   0   0   0   0  14 244 197 206 220 189 193 216 224 209 183 240
  195 203 188 229  25   0   0   0   0   0]
 [  0   0   0   0   0   0  72 214 196 210 214 195 187 220 226 207 190 239
  202 198 183 198  79   0   0   0   0   0]
 [  0   0   0   0   0   0 173 226 214 219 203 203 193 210 221 197 191 228
  203 210 201 212 162   0   0   0   0   0]
 [  0   0   0   0   0   0  44 117 127 208 225 231 222 220 232 234 218 224
  212 225 158  92  48   0   0   0   0   0]
 [  0   0   0   0   0   0   0   0   0   0   9  60  61 110  88  73  50   0
    0   0   0   0   0   0   0   0   0   0]
 [  0   0   0   0   0   0   4   1   0   0   0   0   0  45   8   0   0   0
    0   0   0   4   3   0   0   0   0   0]
 [  0   0   0   0   0   0   0   0   0   0   3   3   0  79  72   0   4   3
    2   0   0   0   0   0   0   0   0   0]
 [  0   0   0   0   0   0   0   0   0   0   0   2   0  52  46   0   2   0
    0   0   0   0   0   0   0   0   0   0]]",Overfitting
"[[  0   0   0   0   0   0   0   0   0   0   0   0   0   2  23   2   0   0
    0   0   0   0   0   0   0   0   0   0]
 [  0   0   0   0   0   0   0   0   0   0   0   0   1   0   5   0   0   0
    0   0   0   0   0   0   0   0   0   0]
 [  0   0   0   0   0   0   0   1   0   1   5   0   0  11  43  21   0   0
    2   2   0   0   0   0   0   0   0   0]
 [  0   0   0   0   0   0   0   1   0   0   0   0   0   0   0   0   0   0
    0   0   1   0   0   0   0   0   0   0]
 [  0   0   0   0   0   0   0   0   0   0  64 161 155  45   1  80 183 202
   77   0   0   0   0   0   0   0   0   0]
 [  0   0   0   0   0   0   0   0   0 135 213 204 207 208 198 221 204 219
  234 150   0   0   0   0   0   0   0   0]
 [  0   0   0   0   0   0   0   0   0 176 188 192 197 232 229 226 186 190
  195 173   0   0   0   0   0   0   0   0]
 [  0   0   0   0   0   0   0   0   0 205 217 235 179 242 251 246 171 197
  205 187   0   0   0   0   0   0   0   0]
 [  0   0   0   0   0   0   0   0   6 222 204 171 155 220 255 193 218 209
  206 224  38   0   0   0   0   0   0   0]
 [  0   0   0   0   0   0   0   0  63 208 199 186 169 203 241 182 192 187
  209 232  89   0   0   0   0   0   0   0]
 [  0   0   0   0   0   0   0   0 115 184 194 227 172 203 191 175 174 180
  205 217 138   0   0   0   0   0   0   0]
 [  0   0   0   0   0   0   0   0 150 194 160 198 200 177 198 185 202 170
  195 199 173   0   0   0   0   0   0   0]
 [  0   0   0   0   0   0   0   0 196 196 178 164 183 161 202 255 180 156
  170 179 199   0   0   0   0   0   0   0]
 [  0   0   0   0   0   0   0   0 204 221 112  79 231 234 195 207 236 113
   95 193 188  13   0   0   0   0   0   0]
 [  0   0   0   0   0   0   0 118 230 229  14  99 255 194 203 195 255 124
   18 231 221 101   0   0   0   0   0   0]
 [  0   0   0   0   0   0   0  51 200 242   0 155 255 170 180 179 208 225
    0 225 216  80   0   0   0   0   0   0]
 [  0   0   0   0   0   0   0   0   0   0   0 210 184 198 214 178 216 212
    0   0   0   0   0   0   0   0   0   0]
 [  0   0   0   0   0   0   0   1   0   0   0 226 198 197 200 249 198 209
    0   0   0   0   0   0   0   0   0   0]
 [  0   0   0   0   0   0   0   0   3   0  59 213 211 208 181 213 200 255
   35   0   3   0   0   0   0   0   0   0]
 [  0   0   0   0   0   0   0   0   2   0 121 229 175 198 200 208 189 230
   75   0   2   0   0   0   0   0   0   0]
 [  0   0   0   0   0   0   0   0   0   0 182 229 197 200 192 222 201 210
  134   0   1   0   0   0   0   0   0   0]
 [  0   0   0   0   0   0   0   0   0   0 235 198 229 219 198 191 204 234
  203   0   0   1   0   0   0   0   0   0]
 [  0   0   0   0   0   0   0   2   0  27 254 177 192 218 193 162 210 227
  223   0   0   0   0   0   0   0   0   0]
 [  0   0   0   0   0   0   0   1   0 104 203 149 188 190 212 181 187 184
  221  42   0   2   0   0   0   0   0   0]
 [  0   0   0   0   0   0   0   0   0 205 217 192 191 229 190 201 218 204
  227 119   0   1   0   0   0   0   0   0]
 [  0   0   0   0   0   0   0   0  14 209 215 210 211 205 164 222 213 216
  221 166   0   0   0   0   0   0   0   0]
 [  0   0   0   0   0   0   0   0  70 205 200 233 255 234 242 255 228 213
  216 245  11   0   0   0   0   0   0   0]
 [  0   0   0   0   0   0   0   0   0   0  47 103 115 138 136 107 100  87
   21   0   0   0   0   0   0   0   0   0]]",Underrepresentation
"[[  0   0   0   0   0   0   0   1   1   4   0  26 208 169 171 182 202   0
    0   4   1   0   0   0   0   0   0   0]
 [  0   0   0   0   0   0   2   6   0   0   0 136 250 218 221 229 242  54
    0   0   0   7   3   0   0   0   0   0]
 [  0   0   0   0   0   2   0   0   0  97 237 241 232 227 223 227 227 234
  193  53   0   0   0   2   0   0   0   0]
 [  0   0   0   0   2   0   0 131 215 247 235 226 229 232 222 227 227 227
  238 238 199 134   2   0   4   0   0   0]
 [  0   0   0   0   0   0 199 251 231 222 226 227 223 227 220 227 228 227
  224 225 233 247 203   0   0   0   0   0]
 [  0   0   0   0   0 110 252 219 226 230 230 228 224 224 217 225 227 230
  229 228 225 218 246  79   0   0   0   0]
 [  0   0   0   0   0 181 244 223 226 228 228 228 227 224 216 227 225 226
  227 227 223 225 244 140   0   0   0   0]
 [  0   0   0   0   0 201 239 225 223 226 227 225 223 223 211 223 224 224
  223 223 227 223 237 174   0   0   0   0]
 [  0   0   0   0   0 197 230 232 223 226 229 220 217 220 213 224 222 222
  223 219 235 221 233 212   0   0   0   0]
 [  0   0   0   0   0 213 226 233 225 221 225 219 216 219 214 221 216 219
  224 221 234 222 231 194   0   0   0   0]
 [  0   0   0   0   0 223 222 234 238 216 219 218 218 219 213 219 215 215
  217 226 232 223 226 211   0   0   0   0]
 [  0   0   0   0   0 228 222 232 245 215 219 219 218 219 212 218 214 215
  220 227 235 224 222 223   0   0   0   0]
 [  0   0   0   0  10 234 221 228 246 222 217 219 218 219 213 220 217 216
  219 229 238 223 222 231   2   0   0   0]
 [  0   0   0   0  25 234 220 230 246 226 215 221 218 220 214 220 217 216
  217 229 246 225 221 236  23   0   0   0]
 [  0   0   0   0  33 234 219 235 246 232 215 221 218 220 216 220 215 217
  217 227 246 227 218 237  51   0   0   0]
 [  0   0   0   0  40 234 218 237 243 228 215 221 218 220 208 216 217 220
  215 226 245 222 215 237  84   0   0   0]
 [  0   0   0   0  48 235 218 236 245 225 217 220 218 220 216 222 219 219
  216 225 243 223 217 255 102   0   0   0]
 [  0   0   0   0  58 236 217 236 249 222 221 219 219 219 215 221 219 220
  216 227 246 227 215 255 121   0   0   0]
 [  0   0   0   0  60 236 219 239 235 224 221 218 219 220 211 219 221 221
  217 227 235 237 217 252 150   0   0   0]
 [  0   0   0   0  62 235 226 221 189 240 216 219 219 220 209 217 221 222
  213 247 169 217 223 243 177   0   0   0]
 [  0   0   0   0  79 235 231 169 176 247 215 219 220 219 209 219 220 220
  212 255 134 190 233 233 190   0   0   0]
 [  0   0   0   0  86 234 238 113 188 244 217 219 220 219 211 220 221 221
  211 255 129 160 251 224 200   0   0   0]
 [  0   0   0   0  93 235 234  78 222 236 216 219 219 218 212 222 223 223
  210 255 139 101 255 218 214   0   0   0]
 [  0   0   0   0 100 239 249   0 251 228 220 218 220 220 214 223 223 225
  218 254 176  69 255 218 225   0   0   0]
 [  0   0   0   0  99 244 236   0 255 225 221 221 222 222 216 222 221 224
  221 231 225   5 255 220 225   0   0   0]
 [  0   0   0   0  87 244 200   9 255 220 220 220 217 216 210 217 216 221
  219 222 255   0 205 231 215   0   0   0]
 [  0   0   0   0 111 255 232   0 242 248 235 229 242 239 237 244 243 231
  230 247 234   0 115 246 222   0   0   0]
 [  0   0   0   0  75 197 148   0   0 101 146 160 166 169 168 168 168 164
  154 113   0   0  56 208 169   0   0   0]]",Overfitting
"[[  0   0   0   0   0   0   0   5  65 152 218 148  92  94 170  75  59 115
  198 160  90  61   0   0   0   0   0   0]
 [  0   0   0   0   0  28 202 243 231 191 214 198 131 133 253 183 179 198
  204 208 200 202 214  38   0   0   0   0]
 [  0   0   0   0   0 158 212 171 179 175 183 179 119 102 233 100 113 139
  175 187 183 164 185 158   0   0   0   0]
 [  0   0   0   0   0 121 191 183 197 189 195 189 191 162 189 160 139 185
  177 185 202 164 191 131   0   0   0   0]
 [  0   0   0   0   0 131 198 204 218 185 195 166 173 171 171 227 198 212
  187 177 189 171 189 135   0   0   0   0]
 [  0   0   0   0   0 141 189 212 227 185 187 177 162 160 187 195 212 195
  198 175 185 177 185 127   0   0   0   0]
 [  0   0   0   0   0 133 177 216 233 185 185 171 162 156 175 185 206 189
  179 175 179 175 193 110   0   0   0   0]
 [  0   0   0   0   0 129 189 214 226 197 170 164 146 162 168 170 191 158
  158 152 171 179 198 108   0   0   0   0]
 [  0   0   0   0   0 121 189 224 231 202 168 156 160 166 162 162 175 162
  160 154 150 187 212  98   0   0   0   0]
 [  0   0   0   0   0 108 206 231 239 198 177 166 160 173 173 171 166 173
  168 160 160 181 220  88   0   0   0   0]
 [  0   0   0   0   0 102 206 235 241 191 179 179 164 158 166 171 168 175
  171 164 166 175 198  57   0   0   0   0]
 [  0   0   0   0   0  96 214 231 243 187 173 181 168 166 158 168 158 173
  171 158 164 173 195  42   0   0   0   0]
 [  0   0   0   0   0  81 220 229 239 198 179 191 146 181 166 162 160 162
  162 158 164 177 195  28   0   0   0   0]
 [  0   0   0   0   0  54 226 235 239 195 173 189 162 170 181 160 154 168
  164 164 162 181 189   1   0   0   0   0]
 [  0   0   0   0   0  23 212 241 237 198 162 204 171 166 179 183 166 170
  164 168 170 187 175   0   0   0   0   0]
 [  0   0   0   0   0   5 208 239 235 202 162 206 183 173 171 166 177 168
  168 177 164 193 195   0   0   0   0   0]
 [  0   0   0   0   0   0 222 235 233 204 156 208 187 170 175 175 173 166
  170 177 164 191 166   0   0   0   0   0]
 [  0   0   0   0   0   0 179 245 231 218 158 198 197 177 185 168 171 168
  160 183 173 191 146   0   0   0   0   0]
 [  0   0   0   0   0   0 117 255 227 218 166 185 202 175 185 183 171 181
  171 181 173 193  96   0   0   0   0   0]
 [  0   0   0   0   0   0  69 251 224 226 162 185 216 170 187 181 175 177
  173 181 173 193  50   0   0   0   0   0]
 [  0   0   0   0   0   0  65 247 224 218 168 170 212 185 177 187 183 179
  175 185 170 204  59   0   0   0   0   0]
 [  0   0   0   0   0   0  73 245 233 220 177 185 198 193 179 187 185 175
  179 181 183 193  50   0   0   0   0   0]
 [  0   0   0   0   0   0 141 231 229 224 185 166 214 200 181 185 183 191
  177 183 187 200  73   0   0   0   0   0]
 [  0   0   0   0   0   0 189 222 220 216 187 171 197 208 179 185 181 189
  177 183 175 197 133   0   0   0   0   0]
 [  0   0   0   0   0   0 185 214 222 212 191 175 193 206 187 187 185 181
  193 189 177 189 168   0   0   0   0   0]
 [  0   0   0   0   0   0 204 212 212 212 189 177 183 202 189 195 185 181
  189 185 179 179 183  15   0   0   0   0]
 [  0   0   0   0   0   0 195 227 210 233 206 195 189 197 197 189 185 179
  185 204 191 210 164   0   0   0   0   0]
 [  0   0   0   0   0   0  42 112 137 185 177 179 195 204 202 202 198 202
  181 160 144 104   1   0   0   0   0   0]]",Underrepresentation
"[[  0   0   0   0   0   0   0   0   0   0   0   0   0 126 156 156  17   0
    0   0   0   0   0   0   0   0   0   0]
 [  0   0   0   0   0   0   0   0   0   0  39  80  53 117 255 181  65  65
   17   0   0   0   0   0   0   0   0   0]
 [  0   0   0   0   0   0   0   0   0  64  92  67  57 115 123 121  65  76
  105  55   0   0   0   0   0   0   0   0]
 [  0   0   0   0   0   0   0   0  14  94  58  62  67  55  35  49  67  58
   64  96   3   0   0   0   0   0   0   0]
 [  0   0   0   0   0   0   0   0  33  85  53  53  58  51  58  58  57  57
   62  87  30   0   0   0   0   0   0   0]
 [  0   0   0   0   0   0   0   0  51 101  55  90  73  55  55  74  89  57
   35  78  49   0   0   0   0   0   0   0]
 [  0   0   0   0   0   0   0   0  78  94  76  78  71  60  62  58  69  76
  190  94  55   0   0   0   0   0   0   0]
 [  0   0   0   0   0   0   0   0  83 105 133  65  96  71  74  60 112  42
  153  85  65   0   0   0   0   0   0   0]
 [  0   0   0   0   0   0   0   0 108 121 128  82 119  82  78  67 139  64
   99  99  76   0   0   0   0   0   0   0]
 [  0   0   0   0   0   0   0   1 126 140 115  87 126 110  82  73 128  58
   71 117  83  10   0   0   0   0   0   0]
 [  0   0   0   0   0   0   0   8 137 165 112 101 115 142  78  73 108  80
   32 149  92  19   0   0   0   0   0   0]
 [  0   0   0   0   0   0   0  16 144 174  26  87  80 199 160  67  94  82
    0 164  96  23   0   0   0   0   0   0]
 [  0   0   0   0   0   0   0  32 137 180   3  92  55 192 219  67  76 103
    0 183  99  41   0   0   0   0   0   0]
 [  0   0   0   0   0   0   0  64 131 230  49 133  44 235 165  73  69  90
   19 190 128  65   0   0   0   0   0   0]
 [  0   0   0   0   0   0   0  37 110 160  71 105  71 230 114  64  92  83
   37  98  82   3   0   0   0   0   0   0]
 [  0   0   0   0   0   0   0   0   0   0  80  65  83 137 124  73  74  74
   55   0   0   0   0   0   0   0   0   0]
 [  0   0   0   0   0   0   0   0   0   0  83 112 105 137 144  94  90 124
   80   0   0   0   0   0   0   0   0   0]
 [  0   0   0   0   0   0   0   1   0   0  92 106  74 162 165  69  74 115
   82   7   0   0   0   0   0   0   0   0]
 [  0   0   0   0   0   0   0   0   0   1  96  90  82 149 139  73  76 106
   94  14   0   1   0   0   0   0   0   0]
 [  0   0   0   0   0   0   0   0   0  12  94  98  82 164 181  76  83  90
   90  14   0   1   0   0   0   0   0   0]
 [  0   0   0   0   0   0   0   0   0  23  98  96  55 181 180  69  78  76
   87  17   0   1   0   0   0   0   0   0]
 [  0   0   0   0   0   0   0   0   0  33 108  92  53 190 185  62  82  76
   78  30   0   0   0   0   0   0   0   0]
 [  0   0   0   0   0   0   0   1   0  74 130  83  48 194 199  58  71  73
   73 101   0   0   0   0   0   0   0   0]
 [  0   0   0   0   0   0   0   1   0 119 126  73  42 208 172  51  78  58
   53 160   0   0   0   0   0   0   0   0]
 [  0   0   0   0   0   0   0   1   0 164 131  53  21 205 183  23  46  49
   39 146   0   0   0   0   0   0   0   0]
 [  0   0   0   0   0   0   0   1   0 162 242 180 180 206 246 206 196 183
  235 215   0   0   0   0   0   0   0   0]
 [  0   0   0   0   0   0   0   3   0 126 246 196 205 190 244 224 226 212
  238 190   0   0   0   0   0   0   0   0]
 [  0   0   0   0   0   0   0   0   0   0  74 117 144 160 246 233 135 105
   51   0   0   0   0   0   0   0   0   0]]",Underrepresentation
